"sum-change","sum-change","sum-change","sum-change","sum-change","sum-change","sum-change","sum-change"
"0","0","0","0","0","0","0","0"
"20.85624691512941","20.216744367272625","20.33644445153987","20.847925804312002","17.743473095794318","17.30053167444956","17.107307761307915","22.369083462391032"
"9.179420425776655","7.623446888481756","7.504693230642499","8.304791962838106","5.961862475698556","5.932746748144356","5.5840198216199886","9.870082383416664"
"4.983655260392622","5.7178873237768855","3.91255234141363","5.600436800484443","3.3525674406466166","3.9298531201837363","3.0172809853089846","5.616135061045388"
"3.3110501378902084","4.753307507609765","3.1907344407533262","2.684617820013269","3.025815213817033","2.506297422393156","1.784863888366992","4.698127863773463"
"3.294069874519441","2.5609185143173394","2.7262148313834498","1.946699464395772","2.1991990983238474","2.1784077690612107","2.545122350510488","2.700430335669695"
"2.282439224994856","3.758067052926456","3.2000915316616756","1.842192336474193","3.1865864565739974","1.873640145376052","1.2388769075568211","1.6925975392624666"
"1.2091399409175854","3.252333485949607","2.547676798828398","1.3951065823194744","2.2710194796563243","1.1892960348571284","1.067654121368463","1.0592284100544516"
"1.0608958979797523","3.302960529645067","1.196805843190756","0.9674108208404937","2.154176711482281","0.9174986455007798","0.8765079265360357","1.8056216554801612"
"0.8249322228006949","2.4204715981547684","1.8436143676934031","1.2658011183356699","1.2835323513780987","0.9210160259578807","1.093858832966883","1.896127971694617"
"0.703462425863478","1.4999097482582506","1.7823007870705123","0.6988262367718396","0.8358087448941292","2.286250294280854","0.6920062973197518","0.8949887425785888"
"0.9683806681775194","1.541579205834033","1.2558842092005411","0.8588588350233461","0.9965214964610924","2.2848643496714125","0.9544133396947578","0.916966092909236"
"0.8938928328396412","1.6217681841434928","0.669110632375659","0.6698298909388225","0.9647640537818243","2.087394920273751","0.4332392456151727","1.2613746951773204"
"0.3907856099566824","1.449298916820514","1.0686229213858582","1.1318209737656058","0.6058422587570728","0.9479290421054446","0.6879031365376006","0.5931927649175961"
"0.5501238684249529","1.8697806096616247","1.2983260452663652","0.8262694620181008","0.30449900672526803","0.8156747265623031","0.4875107861245968","0.5525255252619228"
"0.41140472844615433","1.1704975405874758","0.6062249408596851","0.6394100628534493","0.49037554644431103","0.7004990211485967","0.17185348706023165","0.6084745054467774"
"0.41010462236477013","0.8280838136363007","0.5350294859560423","0.6439140039548173","0.5002408996140361","0.9633062314780171","0.27675007359286474","0.28939599973976704"
"0.22682999941754717","0.5671061730811795","0.45572084240636496","0.6347214871239444","0.4578659908885245","1.3313504080168204","0.40659832620130365","0.3435696123320864"
"0.3317306321712319","0.4323906633144834","0.3048199119043792","0.4032933850984883","0.705496452589473","1.1965791771543248","0.21569638817885464","0.3053612524580397"
"0.3917859032945157","0.4180580042098744","0.3936941953382658","0.27373041546103466","0.6706671864243429","0.666930349210747","0.22370656970419067","0.26460935178102346"
"0.3443678640262759","0.1841509481261852","0.38857153055498245","0.21574282935970024","1.38569937631855","1.062315308280692","5.00467167117695","0.7945433474910385"
"0.15674555613509433","0.27126499521288916","0.6831972977673642","0.48681436162747305","1.3721690402084776","1.0007347272647422","2.0696888823283697","0.45970065510465846"
"0.2719842302815167","0.3226836362898213","0.585164924994354","0.6216985874511746","0.47253648820724536","1.2701189275513027","1.693681846731004","0.7891996583535451"
"0.22100874438342522","0.5622140836197406","0.3433400854008982","0.5130130807335247","0.2442132339806964","1.2176213045596214","1.6209624561373905","0.8599634332319751"
"0.19210187210221324","0.8697517607527792","0.2226469768860838","0.32762258705931896","0.34727296595481805","0.755771854214638","0.5357711756911935","1.149410432460174"
"0.11421758919725666","0.7046093320425254","0.14656825637040932","0.41100352767814197","0.6574073878303137","0.7846484985236027","0.7140568769225251","1.4980450877871294"
"0.16788605444991317","0.41355762565161086","0.2554684665098511","0.3224637588976502","0.4820022110275062","1.0356039437445521","2.1621965639319223","0.6541015276274864"
"0.20979173090658731","0.28918408183244343","0.38956714199366377","0.39979895091232415","0.7332739696126107","0.6424513280090474","1.0364946182762576","1.2294326689301505"
"0.30229918945366835","0.23189183836617638","0.2524778281576179","0.37943169306212265","0.6218378247528483","0.7929975685800854","0.8602228103974299","1.2852093610688904"
"0.4698644004624658","0.21979898045722174","0.5050974531293331","0.3091667943960702","0.26515831038325005","1.0849714345015395","0.7312316416954133","0.9521208676874504"
"0.4949366524718037","0.3116161627453564","0.7426658411930529","0.27894835101134624","0.242682400127811","0.642962360858664","0.3625188303592728","0.9386702634927856"
"0.4724719360478795","0.3751813182814085","0.4122570484565856","0.2632310108319747","0.3755663718412936","0.4885426412333056","0.4120613122378102","1.1744922970857439"
"0.3648954523824003","0.24090235757033512","0.19987613864137144","0.31850836292709334","0.4784234379600329","0.3490219596439295","0.2643729019622616","0.8729747999064315"
"0.2056206498790294","0.4003385646845428","0.45334542522199694","0.2400407728229914","0.5511041137662186","0.5714197600713254","0.2061691730157228","0.4903624800484963"
"0.21646543625754544","0.2754454083137384","0.500228090769506","0.18154405342254432","0.5328573456089101","0.6661931052393847","0.41074984973242323","0.3447252864477412"
"0.2333480127574903","0.33154932811190596","0.5091070646738736","0.1466903197074163","0.4482078549910491","0.4426381844261299","0.37975162291000647","0.5723578195892842"
"0.2584160582756121","0.6481987160183703","0.45955951849603877","0.3593159804681662","0.44166726366371084","0.460381679382722","0.20776691549076054","0.7025681773622201"
"0.19985354361914798","0.43077732253946","0.2160966270336313","0.2760287412234983","0.31455989099690856","0.683303540351239","0.7145721029399102","0.49208329005652574"
"0.18875476934097546","0.6032919852412758","0.19177570714570696","0.18605113113488453","0.24453320144985569","0.42271589164303675","0.31684945375209117","0.337027350214084"
"0.16299374570341907","0.7975021396762252","0.10174130353815419","0.16888708602204777","0.3951462465673244","0.40861792901717175","0.17472659230566867","0.36183618478233576"
"0.0808599158090737","0.7866739373124894","0.199589419624763","0.14584050444334623","0.20834966402799543","0.30156059696835424","0.28545794825432935","0.25171416920805323"
"0.12390446330091365","1.0810188992771312","0.14833229383769503","0.19349986972880712","0.2533558886159787","0.5012088528939521","0.5530793634216243","0.18003122608973993"
"0.13126672873617062","0.6581982877337625","0.21178606660189658","0.29058192299997604","0.2478194300246377","0.42415351323040845","0.5630769892908026","0.2047092780746081"
"0.11367648676556918","0.5195764485489045","0.28501969754499595","0.3530039074013625","0.19301553585626963","0.2286658873435516","0.3409036629686401","0.6076281122976653"
"0.24669841637209455","0.7682890696966287","0.12735037286887985","0.15349524581295232","0.14651220417071115","0.3433721980760536","0.28211195147608137","0.24875123139855865"
"0.1743788466495536","0.49434575770941835","0.13035675211383602","0.1322900730388597","0.2035427581680168","0.3014814816243806","0.22175658462946607","0.19919648222801645"
"0.1325585002817834","0.6305906790923899","0.12768399064111674","0.20031804442102896","0.1651547959144748","0.21908526962403035","0.12963846294039372","0.27150770444499395"
"0.12962753245536607","0.43107287186359555","0.13607874864769204","0.10385608332619023","0.2287521663425458","0.2725690105520924","0.1912048056729163","0.521655626709848"
"0.139110298052062","0.763442839203379","0.09938254547350478","0.062322323240446065","0.2859865113751752","0.31031873062867166","0.13311749158141511","0.8568998710640653"
"0.08517156437164475","0.5891183727930618","0.19759987765441012","0.12047844578435563","0.2892879629710017","0.31299671899742193","0.18035938165347826","0.4412322349396719"
"0.13021574158637772","0.6283746069544254","0.39256989859851077","0.12146935428945549","0.2577022470407519","0.19649477234289026","0.25633528775100534","0.29184720734597225"
"0.18445549493169866","0.3938038035356069","0.17611064579019342","0.15219875842914998","0.283737842362736","0.19182747284165008","0.34335949064031196","0.19256928661344563"
"0.1661789950362681","0.31761252576093274","0.14914779836185682","0.19086109118868705","0.32739297701028086","0.1592988117400534","0.21346865053684339","0.5275664117555865"
"0.20955574641383368","0.28329419431811864","0.13455282141632785","0.14316674954417846","0.2514484810217323","0.2297015532183211","0.13557455289436826","0.38505066820390355"
"0.171572552340312","0.21029952955679154","0.33356001427469856","0.11591706092071535","0.24792620858991476","0.15278335536923182","0.16263524753606456","0.22705097504084543"
"0.09164243989689969","0.18016053467392257","0.45498545379695005","0.09026936827975718","0.13491575073053608","0.21523066603432595","0.10177121535166589","0.3276319780297557"
"0.08446611867038811","0.18376476817432064","0.30416520931624685","0.07289004246047248","0.18011566398489942","0.19219136182751245","0.05017933888650877","0.3023138567704112"
"0.09795995733227347","0.42650469255933754","0.2231364094438018","0.14695625154135705","0.37170777711517283","0.2687918646446205","0.0722542591606335","0.22110215337149414"
"0.0845446524142277","0.22698342479606043","0.10302859569951606","0.16661751762841492","0.24661934672462427","0.16862948157016927","0.10485946382196876","0.16740821039235548"
"0.07281013295861272","0.1994249133590275","0.13138523271230546","0.11911161117702757","0.18961233444696995","0.11537144438762942","0.0578645981128042","0.1730977166373754"
"0.09217292732883142","0.23048781339801383","0.15320576508868683","0.16515127434410465","0.2524142337016193","0.10996186264318847","0.046525667804964366","0.14266490838074508"
"0.07896519410909364","0.20376242437562597","0.14356305520996865","0.12363774159938412","0.20630985404594654","0.1760243494704583","0.050499840665548745","0.09435589699147284"
"0.05430526148824566","0.21171973248946108","0.13291203612994806","0.2690324015343238","0.18528700895659234","0.1821941569194913","0.05097842676908243","0.16187707801590395"
"0.048010604253004296","0.23346509872227722","0.10135186480554986","0.18413994355264812","0.1871739766257398","0.10683843450371938","0.039738382268636685","0.061374552364168444"
"0.04511016627214115","0.23591899284647488","0.07141005224838254","0.28134888089913457","0.13776138792089926","0.08260206129956138","0.1263616037503566","0.06317618165807987"
"0.027925905790498362","0.30706418692756254","0.2000739870564266","0.2627069954028175","0.06772149957809731","0.09448908468116451","0.3546797103276032","0.07412321743937189"
"0.02766420263890723","0.17694968686586932","0.106630785892046","0.13855562131752114","0.06052208057245834","0.06710806104817951","0.285170043272747","0.10457489516239554"
"0.03925705470176233","0.14250870277572264","0.08958700556057836","0.12601471660724184","0.23702692879431442","0.08730980772656027","0.16132570642623","0.10839981473928484"
"0.03106638175888976","0.1817349961200191","0.15053795753761545","0.20116663626282244","0.1475114585496709","0.0960334277496413","0.16767984034833378","0.09166399491299049"
"0.029555903699763908","0.159967441709002","0.13464081828876512","0.13576593815716104","0.1448428989955099","0.35360092832062145","0.07927655219981716","0.17162546948905993"
"0.019112656734128874","0.14496406699572273","0.05423213749359779","0.09409890302454532","0.1091321848578834","0.4480497948327257","0.13197122293634045","0.14115170692975504"
"0.016487910471619793","0.13194280665836683","0.1031794777210927","0.13582479604459563","0.19219648515694537","0.24072083789934273","0.07296017678206607","0.07490935420300565"
"0.01431260226829334","0.06882226669085723","0.08115540364506979","0.11545317119946508","0.16877267149470881","0.237762247240198","0.02863066361210498","0.09475546297250487"
"0.01075380379644264","0.10219262637461934","0.06118527893028669","0.10175311991458602","0.09963769178438298","0.14815892311611278","0.2830130010398677","0.10169634352722168"
"0.023245480891829207","0.0727886866831064","0.042360899891610626","0.07360323122013585","0.19485873292378125","0.10333451789817272","0.18363945866542813","0.08176120633212014"
"0.03154568081648035","0.081914214462321","0.0291988946447303","0.05328775238610378","0.16972752229265642","0.18417421636186732","0.10037369369376392","0.10884034855708469"
"0.025953648426983333","0.07749152148491412","0.03334121873193707","0.13394846956268647","0.09240448740446006","0.20517109090321695","0.1257082932107918","0.1351122209175475"
"0.01905364257302189","0.04740014123846026","0.030245247403526965","0.1823701287396316","0.13983317655225297","0.16213897848796105","0.10777851936698857","0.10535676815164896"
"0.018283600543942513","0.13770661973881915","0.01747598654503163","0.10239001241503604","0.11794259761165998","0.15760948939743935","0.06571214345956211","0.19973285802764712"
"0.013628725041816225","0.10537921228309516","0.020759573336836645","0.08461384158660845","0.11560280161946196","0.16807108983076785","0.12880647467191447","0.11385259201284492"
"0.01802187069874206","0.12978299561199697","0.02815785683473454","0.048260922206851464","0.09476419475465497","0.20140188080597443","0.11225641926576374","0.15628938677957765"
"0.011661619825300451","0.07435570108411921","0.06568306613184988","0.10766474676205817","0.08288630627470084","0.24207365352786048","0.06972952262193194","0.08903860106224248"
"0.01495047658476567","0.15233249620035966","0.0504931491088782","0.2377039707852675","0.16153169942924167","0.3016025244050423","0.02336975913788808","0.061094127749161786"
"0.01429766346148853","0.18006847527806102","0.03812887977461016","0.15634990342537702","0.13977509463825544","0.1862921318398224","0.03711022570219846","0.052602214179423346"
"0.017584179109095377","0.12374618021870515","0.027996493276571444","0.05407915560195936","0.13934428036018065","0.13939935836584166","0.03078339664149532","0.11606472298078241"
"0.012650101330705432","0.22588719244938488","0.032129374656419185","0.09963408677371094","0.1166301232729472","0.10791233332300953","0.019563533294593538","0.16914861234052864"
"0.01226472268494927","0.19820362177261353","0.031187368119607428","0.1588799982413694","0.05511556269432144","0.11895020708884668","0.01898800447887694","0.09745961388630192"
"0.0115136604544398","0.2651820345444181","0.02438259473749088","0.0748022148929432","0.0368122154328312","0.19226282242176257","0.019284743214072364","0.07411906213919783"
"0.013460105273468415","0.24014345921819036","0.07351779970583","0.06487361371807704","0.035668761209848576","0.1697930226437298","0.01389116786476896","0.03917952369197619"
"0.00924439602350624","0.14689218732843534","0.05268954460133529","0.0565592254064779","0.02821784477494238","0.1749020525750848","0.023430618801310588","0.02309828750073173"
"0.011642239390677545","0.10837043712088634","0.08458551697890887","0.06863339200934238","0.03798150071945916","0.19185200216081727","0.019459229393827493","0.07187683702101011"
"0.007634488824162511","0.08503606375197614","0.09613799408167961","0.12581711049640049","0.030869244224741965","0.12848431388760706","0.06811309156879242","0.0856402771852936"
"0.0073997506895825405","0.10093974187212484","0.14952121051140443","0.09018240836913427","0.016082083341371955","0.15895231175890473","0.07695078955966483","0.05100201090706796"
"0.006904365864993767","0.08488556842742084","0.11613828919593322","0.11572540769840439","0.026431066715988716","0.10255396875763023","0.0523990063402483","0.054418145025939224"
"0.007681518313227276","0.13949380280019708","0.06835408306379503","0.17892836056518713","0.020613756297277908","0.15789711433668352","0.025306796509547647","0.06366462914140791"
"0.004135799058189282","0.12197083609999398","0.07673180939988716","0.16392726039912414","0.026621610531921136","0.11995991498052161","0.04165404258650224","0.04810441285372824"
"0.005739624998024051","0.0918232528453779","0.08460878415503276","0.12917063515407623","0.0292893542137595","0.0927849075452955","0.05939418262013246","0.05203964079665885"
"0.00225016473115891","0.06293659297906645","0.0684692383323331","0.06559004977228661","0.024718200240004762","0.0849511826288748","0.06699949134348604","0.023115832655304258"
"0.01042353934319229","0.04564663752828668","0.06298763055770235","0.14236547034722274","0.03264066335906063","0.05231635011014124","0.031274515998055696","0.03687736157653615"
"0.016935914925028994","0.04595759931730625","0.04275684395120044","0.14605823918140376","0.014061335764813943","0.09134441455125952","0.014545748092638533","0.07765562818907373"
"0.013894261225055993","0.05632223177841572","0.03266953140620604","0.148324658873633","0.017363350058145544","0.0744333320965806","0.007989800644117917","0.051324328100725514"
"0.024690449891176747","0.1933267091001099","0.02479784178609623","0.0573843996871955","0.03546003074260773","0.15708379798823557","0.06007943212542699","0.06215041052533499"
"0.012099052106170127","0.13353241322426407","0.021491527468836202","0.05895737906848747","0.045802444777746976","0.11505843999292742","0.04231831661918262","0.035327150996054935"
"0.009058848707638067","0.08355419993088276","0.012986096643711531","0.12664649008923196","0.04589954116058831","0.08375936950946994","0.01479555312163322","0.02128543227484253"
"0.006186779009249022","0.05770129841781857","0.014513040400910171","0.07710205339731463","0.04750288953140286","0.05814408762426987","0.0037510452661460025","0.03815596360538992"
"0.013094515770875614","0.07169720993906414","0.016650267621710846","0.08375280566004156","0.04933132724945338","0.04259592507528981","0.02939330775601695","0.04554198312894542"
"0.011654025160875436","0.1359288004049733","0.023087111019358675","0.11897443808393443","0.017089238037170384","0.052969999824465375","0.025370332507677007","0.035468877625285056"
"0.007668843769860434","0.0802140935828009","0.014866304521850837","0.04940206779034745","0.014193534121371365","0.06625137486677035","0.05503502010304445","0.032827145139915415"
"0.00594874481968799","0.04422129326065638","0.03657771466624721","0.0489902126765866","0.034679453696225104","0.020843960478163337","0.031815597543697505","0.022797856388687143"
"0.009239236096150738","0.10864625611398365","0.034796986405763286","0.04311847644175454","0.05146258848265811","0.09333260711094293","0.02066936552214388","0.022056866420366306"
"0.009052220927504795","0.0936146360840387","0.028209390213642382","0.028988231588654878","0.07695926538049647","0.04950621977576475","0.014406882310232405","0.016953671058012265"
"0.005352786556901745","0.054257360750367745","0.02234650959353507","0.03210413308061483","0.03290813876609294","0.04342583635890268","0.007988607565986627","0.02121869838987206"
"0.006335357869412639","0.07462270298236445","0.030449702452201244","0.03931594682673989","0.05900557304485221","0.06651787454742336","0.0048236919536222556","0.04029834868244325"
"0.008251800504706308","0.05493641004295957","0.01664201714949126","0.025922102960932336","0.03460224816227253","0.049446306032002285","0.008159203974904772","0.04102751971892027"
"0.0062413696515759565","0.04889132756175468","0.009807687726063274","0.018683414885334593","0.02342066547371474","0.09293040023831534","0.042603485444508926","0.018432562275754794"
"0.006668183592049126","0.049903715067965426","0.01362481217604189","0.01941731179601086","0.029489284827537154","0.05543018212126399","0.019627466968629825","0.012427346319240973"
"0.005684629148840048","0.04632609743364313","0.01600151267763089","0.0700748322503904","0.022110737386805246","0.03713411430866226","0.012388667506762707","0.01347352739438512"
"0.007830016675227314","0.027201351136328156","0.01732466658252163","0.060644625338145686","0.022153440041332906","0.046237313484849385","0.013089931575722247","0.016716424412195285"
"0.008437187157968373","0.022349856507478227","0.01839554068115823","0.08552303509499004","0.01355640673245695","0.05187084073736731","0.005626585639114223","0.03807624213000532"
"0.009553382987764425","0.048049582785952394","0.02725081058792944","0.1304367278816953","0.01690652130108461","0.05263399361662047","0.014925426885981141","0.03191137119056153"
"0.008351302510321346","0.09222961204278468","0.015512846618023657","0.10418438581746431","0.01671966531271174","0.05622478396410491","0.012896467424366065","0.018573609267312385"
"0.005477280762322234","0.05257230286297132","0.015732389682948822","0.06738289343911091","0.03248949809144852","0.03357255498679934","0.003711888932210361","0.02345927060966102"
"0.011404930403223656","0.05532036858713196","0.008658442183042792","0.04990338328498478","0.021965690131865","0.031899290259757906","0.024463901755849615","0.028477080700699153"
"0.006308584198414069","0.05383064531786985","0.008304782560983492","0.05596568659904477","0.017365993742493258","0.040130904540320644","0.009707969242044645","0.02080490155602288"
"0.012488722849780087","0.09912232339138005","0.004551130614149579","0.08455692615394494","0.011682492698190994","0.04657424957579426","0.06862576439804802","0.031668654393237905"
"0.011174838019229028","0.08603496788060694","0.005676799078892014","0.07065033123618991","0.007877633173396292","0.0488345201727447","0.12674690769957636","0.020926546385816203"
"0.008282261424904291","0.057283279989515656","0.01314849991798378","0.04802093802948726","0.009520971692041358","0.0808602232026937","0.05061970437836427","0.023739901353704573"
"0.0037168180401223605","0.045620695428988944","0.021648563710912616","0.027580806148852444","0.024877798746016366","0.07571579879645807","0.041416733218578194","0.013194179399175332"
"0.006256378411409358","0.09105836822323554","0.015686376044108163","0.026284005504185526","0.028209413774794023","0.06565233921791358","0.045525966770885384","0.010431958398606056"
"0.008640311369079168","0.037729182650934945","0.009885352850090401","0.03532350223171876","0.01864172414910059","0.04660196019480567","0.07112668383839676","0.009588363544848322"
"0.006505558193679151","0.04734294591417998","0.006841888448340716","0.027720189363563963","0.018572119828058842","0.0400371850176795","0.05342258410017542","0.01028382341856221"
"0.006317226240685425","0.058964491868511604","0.011345816179413437","0.07555687361600638","0.010543708297092946","0.05603586082004197","0.03986445103048425","0.008157711947852309"
"0.008631995065225828","0.04712208748398561","0.010602501103101458","0.06437372298307997","0.011371715102270086","0.03854943109690512","0.08361216546937761","0.006006679050669372"
"0.006205155660092276","0.0433573965175007","0.00865156570962694","0.05296266994772003","0.005770356161286627","0.0393590033282093","0.0646912818207343","0.01643055614952249"
"0.0042889401873512645","0.03884084813754696","0.007763700266505413","0.08333221824205078","0.010608038360003569","0.02238221552121933","0.047938348260695096","0.01376971090991691"
"0.004702356648548012","0.022571014082655605","0.01045488189763133","0.07139061285016574","0.020946108993928014","0.07051057506587666","0.05914728418123205","0.013375977853626153"
"0.0040147371929736275","0.016454184021455265","0.007890821275901294","0.05152779531502483","0.011968901529049059","0.05919503486719857","0.04308373475828026","0.010327126560821076"
"0.00989165813810755","0.019670042486655492","0.009361301123885335","0.044463869440660275","0.012534741238797387","0.07761311628137768","0.032319696820593935","0.0037798989785798875"
"0.004469518516379223","0.029296634501085772","0.0162566393095972","0.09928656530117824","0.020619533686839775","0.04691353098134732","0.043469466640163434","0.027559514340935176"
"0.0038531942464211655","0.051806381017025394","0.012145380514542614","0.06688285447310871","0.027614109406538967","0.07220302945956125","0.022455453549128646","0.01462743238959685"
"0.003441537893795532","0.06455236217149884","0.014153736655028337","0.037813248458248516","0.018462341255992665","0.05916842604604622","0.03395193821813802","0.007117790751951125"
"0.004638558135037996","0.029868128296114405","0.019702114739941212","0.03877346868862419","0.016760323170278757","0.05253395561154828","0.029006252332871907","0.007319842399677534"
"0.006217173041663693","0.016614784612179023","0.020169122146080742","0.037833260254008405","0.012586572320979816","0.04522616926698997","0.011514492681678756","0.010193654324978707"
"0.0033802267821335663","0.020143031334188044","0.010434264681517536","0.032438967137823516","0.017486220285330534","0.03936727173674626","0.02589655338163077","0.006644789791503403"
"0.0028590967816167767","0.011862372769987473","0.012388608820366853","0.02104016842386741","0.016102467193892633","0.03355963754318414","0.01749715167136129","0.003694204876452889"
"0.004500891352728242","0.04524169278449186","0.007954991307859927","0.0327494988322346","0.027435202770222156","0.0548884734438535","0.013946934781657594","0.0026792448075542152"
"0.004095350572292822","0.024612868848731373","0.011468428544980369","0.02448647697415668","0.019138994123368946","0.047875887061619604","0.007188597959567056","0.0021112524162825164"
"0.0030854115373456503","0.023743642849452296","0.012351697955141072","0.028457220709884767","0.02289593763336839","0.035002595838106054","0.013529958204597126","0.0021125898254126807"
"0.0027817905302292","0.03603149417208118","0.01596328821392251","0.01975172005308745","0.011285145009231279","0.026722465916526827","0.03624226774702455","0.0010427031213549043"
"0.004216057079905022","0.036648595755015334","0.012190804732813754","0.016648680233089297","0.01506756977274526","0.058655195572592245","0.01224348269903791","0.005614997511116104"
"0.001837370466539201","0.04775401048231909","0.005690205433103612","0.046625027341194614","0.011833841765266806","0.02754314680207437","0.027798113013703607","0.008334081006637684"
"0.0015297768675081036","0.08612494399718751","0.007143562007296489","0.03108872155196446","0.011157905070417029","0.021387855800108047","0.02993653846865879","0.0045419821899616575"
"0.0011818612165178655","0.06197005031071101","0.0036931480103884473","0.02351152243975374","0.007606212075854546","0.02083840132962389","0.029325472086295545","0.0024437452909072954"
"0.001313750520675061","0.08164696618850842","0.012452084951467046","0.014917869240471338","0.007467492400857201","0.03523580873035925","0.020456501356577228","0.0030886579987354223"
"9.381109196781034E-4","0.054623701916767686","0.008708122775033522","0.017423567631672188","0.007964887234093943","0.02650262139167303","0.01173098011465673","0.010229917892801865"
"0.0016536157493336479","0.08121826322359971","0.00864990624230616","0.021197220753621737","0.012259599689879552","0.021153127966147656","0.015319990291251306","0.008142452646701437"
"0.00217764005422616","0.06893302892217679","0.011326857271440671","0.009072453264183822","0.00846775449360826","0.022058031375055687","0.014320881459367774","0.009541981348208495"
"0.001888161775978947","0.09408818032415922","0.007452276521375534","0.005941746202117237","0.005563474314096539","0.014853670840023647","0.050263543040390046","0.006281019484460915"
"0.0030982648669510837","0.05147378179677031","0.011115139083935799","0.00688671597824797","0.008238248804753323","0.01564515556668411","0.039093932093139994","0.007876077528384429"
"0.003695987657975186","0.0476010216238707","0.012485923156271062","0.007385949168083217","0.015220440082386655","0.017035146368576393","0.01974449213695939","0.0031825296434446204"
"0.002566004672774791","0.051728611411825165","0.0098938098725187","0.011964199048552004","0.013058098365745674","0.007309307036682866","0.033264455546176186","0.004477244212952425"
"0.0017745865487132084","0.06472209820011021","0.004019723377733486","0.0073902829890308275","0.010674076306988356","0.006829520366651187","0.023940318244937697","0.004888180234587369"
"0.0017266555218289348","0.04478290897662007","0.001525690526601453","0.003836761149138279","0.008663189661823223","0.02310155728671326","0.01774571157439042","0.0015771700664432564"
"0.0015044313100165407","0.04354130818378321","0.0022826032261032414","0.060679794482419225","0.006623383718066478","0.014863895518306691","0.014938925668799008","0.003107351131456715"
"0.003443281704469281","0.025455237167378297","0.002406534593132059","0.06585956691528727","0.00397412824499388","0.02893174004052479","0.014200007486148691","0.002406050690582029"
"0.00230712021551871","0.015404900435514235","0.003909279573689528","0.04910233123991037","0.0024702331835374514","0.020180835843585543","0.006629502221695283","0.007638753494266681"
"0.002435679252110745","0.023513557765158954","0.009528233822178822","0.027883331765577335","0.008979459133364509","0.022029076012661908","0.003471704363898931","0.015275427334360436"
"0.00351192433003078","0.021153955636716737","0.006867353421179667","0.02880563280409948","0.011520322793814541","0.01624174370627718","0.019638293871458212","0.005168019614175456"
"0.002577212571805987","0.016505883776007146","0.00527826438671003","0.016146425421879884","0.004558640509931822","0.01727005905321588","0.011327798700425773","0.0062247375922476755"
"0.0026753012091662587","0.014104038341760328","0.006234269497359113","0.018492826985721356","0.00710156530089201","0.013788455452169113","0.00622658660208103","0.002110091697987093"
"0.0017102804964814755","0.023644210308603086","0.008588173122938858","0.037265215047946054","0.005627829823598995","0.014904114256618861","0.0049268423319033805","0.008746323856388127"
"0.001951146812998017","0.05182816013011382","0.007883711394041981","0.0462296984908549","0.009352880555535181","0.009220524416331588","0.014858490865338136","0.0074550458448263135"
"0.001397916829610657","0.04905832069621452","0.004764587906601725","0.02072039594243802","0.007101052026935228","0.011705686349442912","0.011817091970495686","0.005362207520847817"
"0.002832357587302159","0.05709071092448281","0.004113041292764408","0.04549575734608452","0.004261202172002099","0.01254071278141744","0.007036763087535924","0.00531252983494479"
"0.0015888605571630077","0.05521551204818631","0.005513841507044148","0.05265965979939341","0.008216155235111433","0.0060590084640572694","0.006682747847310044","0.004613438484605992"
"0.0017939839223172216","0.034714562353519884","0.0049358151412634554","0.09956841763606444","0.014515308064509291","0.004874939101046194","0.004421308711406946","0.0034198095773464443"
"0.0011133932488891496","0.022257150707341244","0.007626259463477891","0.0527683323462706","0.021055775796057108","0.005126618027364249","0.0026369459189633515","0.009480514066099954"
"0.0025152326467745567","0.025273908187219862","0.004314295110921684","0.05275128084063796","0.008538379178312128","0.012969489845685356","0.001999443528297562","0.008503991815275502"
"0.00125056255959477","0.020127721672611454","0.003039340716433858","0.04892516855207113","0.003350577986481862","0.011692082666329484","0.008276236556503225","0.009157879907220112"
"0.0037094794674534803","0.03531373681272021","0.002328034144450153","0.05669482534103126","0.002480132837408555","0.00888482682873415","0.03356238754828289","0.0035697712921917146"
"0.0016941123758277277","0.018103926878439647","0.001996796782784749","0.05384978496958098","0.0038445367255275364","0.010140377458000893","0.020280681699589742","0.00204952054524582"
"0.0014117158389223006","0.024614128162024573","0.0024458257733487865","0.031682784584279144","0.0042104086328131896","0.00831758890578116","0.010269011735124234","0.003300217599228328"
"0.002087285379907877","0.04082176448713859","0.00258032030796157","0.02339238918740605","0.0035619740203648442","0.007168564577238246","0.01716070752826454","0.0020162491587556453"
"0.0018138346924357895","0.025897614130576785","0.0020904644861776678","0.028957417183614054","0.002941631730227434","0.00861684192172718","0.01371265323947557","0.002056303285311145"
"8.13336820917665E-4","0.018373337824857394","0.0013934749468164642","0.014731670380764395","0.007879762450082928","0.0071910092703891815","0.010919583727169113","0.0021323326431102463"
"5.220735585177438E-4","0.021235534061116224","0.002211463891441001","0.020463330723708262","0.010140418747558111","0.0073275312341651855","0.006264892687250612","0.0014931312009827113"
"0.00364412251563917","0.02346432967089629","0.0010055567039466418","0.012859368396270998","0.01136859846557936","0.017578183822489657","0.004601097237607654","0.001292380708587948"
"0.0012899612069083854","0.013135963880680612","5.033494680247164E-4","0.029940298680802335","0.008364541472257736","0.011932308681881554","0.007263129857151607","0.0010872242366445906"
"8.731049052670414E-4","0.010951273065181177","3.5533999019510265E-4","0.08433698313773369","0.009394423945071506","0.008486879568660788","0.010181576122304692","0.0030151480425881227"
"0.0012159900947064095","0.010547734452967972","7.675239328207573E-4","0.039513485725901465","0.008897266614671273","0.0107712934498434","0.012510148368851004","0.0022629282565853615"
"6.848465579328833E-4","0.00517364960608957","0.001537823508728442","0.04006472917767523","0.00587450480896301","0.013932959202701212","0.010028908690132676","0.0021720290809647547"
"4.119421403669943E-4","0.011152863676001323","0.0035013902678681097","0.021096051682942873","0.011451894465245194","0.006315198854982773","0.005150115081828444","0.0015989212276275033"
"3.438920741374307E-4","0.006934597062668857","0.002753959651858151","0.015563979127095118","0.023664946400492548","0.0027712065471363623","0.004780850886021815","0.0010455183476172913"
"0.0020833852104161776","0.012738271519431743","0.0012606573155470313","0.009611426729081884","0.016837058431390717","0.005074300478635774","0.005312305132781914","0.0036957757287584547"
"0.001841738848043617","0.02768299798701157","0.001998017411547426","0.013945614281384966","0.011855931842527423","0.006721263404766198","0.00239506754993446","0.0039137498381735525"
"0.0011317262160345232","0.010128885648627128","0.0024274940682081914","0.014347623655933728","0.012786373821709662","0.005222661973649623","0.001654394828799699","0.0017835417486642968"
"0.0011878610190231287","0.01459574104439132","0.0013840808154040873","0.011178633270361504","0.012721806366969513","0.010702656466942129","0.0011026254455194229","8.865985252577424E-4"
"0.0016405322761496866","0.007624816090375686","0.0012354353689164044","0.018921780257674492","0.008268118587228979","0.009692098405667315","8.297228075095364E-4","0.0018262290536327774"
"0.0011225777297129147","0.009758729609318006","9.79027028911117E-4","0.013757647016891472","0.004825108353094132","0.007315083162295122","0.0019353948365412599","0.0012413377042642115"
"9.140210386838765E-4","0.009270083883055946","8.733317971155174E-4","0.0071123008941941235","0.00603524053253468","0.018198359840717826","0.008023035920170785","0.0033253457232845784"
"5.166810363330665E-4","0.010592395665836696","9.271112992341735E-4","0.008571980915366706","0.0030229923363908062","0.02114394375461781","0.002939555469565258","0.0034182260038628787"
"4.679512253474849E-4","0.013539285862995576","7.32565165025123E-4","0.008204771918061016","0.002859300306476631","0.02121034967047386","0.005017886116953529","0.0019550214828716883"
"6.396151151796259E-4","0.023875519875289353","5.44556975268895E-4","0.008204213010934103","0.0035834256981837065","0.012743867902078154","0.006841217642370445","0.003623490306558619"
"4.031869766347729E-4","0.020896184549865415","4.2172377998378474E-4","0.008498556534230317","0.0036526763818779395","0.0073880741519036786","0.002083406098383811","0.004461182440564482"
"5.465032423844773E-4","0.0216773031524361","0.0013598820075720885","0.005742661483661926","0.007204873437935966","0.009415284647559807","0.002829217258938088","0.002504246118372744"
"5.211311340418412E-4","0.009935030577683412","0.001912624482958758","0.00421614694866973","0.005076932191878214","0.012860978904260967","0.00226529657796376","0.0013575408636135045"
"4.753197906822715E-4","0.013423495844635536","0.00197768198813153","0.004788203378078337","0.005099047847108906","0.01681290694304416","0.005690396424587518","9.337268624672879E-4"
"3.359039188981505E-4","0.018479152736576743","0.0015970832440363458","0.01010048536344249","0.007708055383723655","0.007318284186464408","0.0022763846979199642","7.130835320606765E-4"
"4.915706610019166E-4","0.011941938933264451","0.001021257656416974","0.007625722402285595","0.004592076428959091","0.0077686821352120905","0.0013153364986641103","0.0022631944239738244"
"7.770903563861786E-4","0.009111764390456023","6.436626951337177E-4","0.004028449033273762","0.005958458074704076","0.011734798510712574","0.001062394491508023","0.0032399708811928773"
"6.032588023906493E-4","0.00677442062633371","0.001305581268392697","0.005867137197782368","0.00588481432352872","0.0071937523936688175","0.003293531937819172","0.0037408913510023623"
"3.575502125440222E-4","0.0037689005404332176","0.0016334396105654458","0.003721381705046045","0.003627315638686346","0.008715871397401265","0.0034301283527305437","0.003171554853488856"
"0.001213334320846693","0.005739776010843078","6.058724261882587E-4","0.002936926007176377","0.00991923240932946","0.004891712941927806","0.0017990694174961352","0.0022779600828115587"
"0.0026784980174575646","0.0151424564791659","8.654108032404295E-4","0.0018424877163774056","0.0070005810449507155","0.007728306150598829","7.961396091467066E-4","0.002908231533023109"
"0.0015992205041608365","0.010256175730823824","5.269328500196457E-4","0.005121388715547848","0.004892704816822135","0.005614198129175629","0.0031557847802608507","0.0021137462778168525"
"0.0013310614691176559","0.006991617235777681","6.036157034255418E-4","0.002890638866039408","0.003399859856894283","0.005653664377948453","0.003148848938474058","0.002107856291365784"
"0.0015872858184425853","0.012385079729412163","5.97631575699864E-4","0.0021269402431124407","0.0015262436604525087","0.017394231707924868","0.003553196344285303","0.0027696467364359822"
"9.793222164972137E-4","0.008529530365427807","0.0019834024950029505","0.025467480276844257","0.0015279661174927295","0.012595873928055723","0.0050504273918454134","0.0013347517033430734"
"0.001093670033021743","0.005052373003574084","0.0018528693162094267","0.05683406243614603","0.008060344624833626","0.01557646233500476","0.0025761321055605135","0.001589340367813441"
"7.410396699165656E-4","0.009382442151343207","0.0011100855056858094","0.0510490881539748","0.0032734131885834294","0.017945849482413734","0.004543107709625516","7.849245595856758E-4"
"4.7522004455291533E-4","0.009205313148444305","9.251776032469516E-4","0.04588626677186863","0.004268593808588905","0.012565066415206605","0.003161045956018682","0.002013939819751176"
"4.7724703067653085E-4","0.0033192137050558346","0.0012107772598675126","0.09597837406200199","0.005609481932728699","0.012000230402882228","0.002575646567720191","0.0020364501541278446"
"3.896839899182325E-4","0.008357194197326612","0.0024351953016967243","0.057364621835602814","0.0048505085183466745","0.013576353032250466","0.0035166785802137057","0.0016990476692317902"
"3.162350733465491E-4","0.015121425318854631","0.0011929603112871279","0.05021277107260386","0.005100201264251147","0.006540360392337741","0.0019234127257538591","0.0027933415059234745"
"1.7690924681201814E-4","0.017925429229494583","6.539280659216828E-4","0.047052753263493396","0.004968114589054551","0.006175638644009163","0.0026473688405408424","0.001831457984692031"
"3.356572645707434E-4","0.007504203126477149","0.0021337863703965176","0.01504175088680998","0.004966082712363318","0.004067380194886061","0.0027194667712727716","9.855130014976843E-4"
"4.7930393442108254E-4","0.003943335395059977","0.0018657892147910804","0.016978725482366452","0.004505639073762557","0.00324973077190549","8.989579959237659E-4","7.85377428889289E-4"
"5.934222809935719E-4","0.00424287912464294","0.0012236091430350982","0.023071875041215273","0.004584899212237925","0.006118252540466829","2.649113214122645E-4","0.0010192116371544602"
"5.275498174676096E-4","0.00287024335767061","0.0012022323504812804","0.021709093507681132","0.005581725881135924","0.005392562313276117","0.0011754719355214216","6.814732977878935E-4"
"9.768744449367706E-4","0.007870727778591768","0.0010730898698089741","0.009738037791622911","0.0047597534676601105","0.00539795709172719","2.869326341003453E-4","0.0012325407325987636"
"6.14917730365705E-4","0.008960106014737734","0.0010187848202375949","0.008418205453369632","0.00255229741585683","0.005269081809910703","0.0050871860949542325","0.0020263275555084115"
"0.0010513301185187673","0.005625758787018209","7.933288381142267E-4","0.017536216801780857","0.003188132595973392","0.004541506943040785","0.0037185073563391624","0.0017923424215595674"
"0.0012062697325544436","0.006380125337926534","3.845284427314577E-4","0.061812517277005485","0.004812812740829231","0.005265573144294877","0.003222599625646194","8.820408621420528E-4"
"6.861741340340455E-4","0.004565469987658721","4.6571463130962165E-4","0.05425519986282312","0.0031692160846291673","0.02365043367782227","0.0020199321197076348","0.0020419033194136738"
"6.024409113964957E-4","0.005089139794455799","7.184576921678287E-4","0.014756646616264413","0.0019747169876283","0.013594486638787151","0.002857290350086139","7.12192636496467E-4"
"6.284430452413448E-4","0.0029141310051684632","0.0012084970740258716","0.015308956954773412","0.0014293544167075511","0.005938749939344401","4.895581285132566E-4","7.360778270146251E-4"
"3.9852513849492066E-4","0.0024468693160173416","0.0010348630046737584","0.005960558754779299","0.00152539821232478","0.00805906688953717","9.231922741911869E-4","0.0013312105420163478"
"9.491681141180486E-4","0.0021958378804720624","9.702717192566768E-4","0.0038801237340836403","0.001105417527086927","0.00869315615598365","8.035855475127529E-4","0.0021545173687537167"
"5.246240452586592E-4","0.007425838656332173","6.158546047265179E-4","0.014694209122384172","0.001286313492696034","0.007411219206614916","0.0010298824576891463","0.0023057264962835777"
"4.790883264044199E-4","0.0033460313838344913","6.96154588759379E-4","0.02250860750364514","0.0027137412276833084","0.008297211006064287","0.0018225056026781594","0.003720784240775321"
"6.548617657352596E-4","0.004414433170788823","5.664546648899704E-4","0.019214819805541183","0.004470129121192046","0.007079245635332354","5.656952659003345E-4","0.001687181273049343"
"8.438754221193889E-4","0.007175285374400708","6.442740669636571E-4","0.013090284872092073","0.007131577284563151","0.00809135528403826","0.0013274456640277044","0.00161402093679891"
"5.99372441574042E-4","0.007445265773348364","6.817704992059248E-4","0.005738556564131914","0.0052351535778103475","0.013350978473824382","8.921532636576024E-4","7.397028075238343E-4"
"3.800615143468855E-4","0.004782376598176152","4.1127880829866514E-4","0.020749613693034075","0.0032142260102140385","0.00890177272829018","0.0011691356556203791","4.1966080101640824E-4"
"2.0493670539878384E-4","0.004883989066377548","4.0357121311285216E-4","0.029817744552816494","0.003574021092858315","0.012033093973784381","0.0011914872171346347","3.151330994147772E-4"
"2.629169741164006E-4","0.0025573247743362337","6.605579258731065E-4","0.028790320525720503","0.005926870996849187","0.008883866045194533","7.682342331793435E-4","0.00108246197173395"
"1.842599582012605E-4","0.007113729837486926","4.442325729580032E-4","0.016520862352162324","0.0023586324036130035","0.008111889771988401","9.521511726525711E-4","9.861392094910881E-4"
"4.7656269649976046E-4","0.005989990357569974","2.890620955862677E-4","0.017862273815242857","0.004794012209292098","0.008033013122076382","5.047170130957346E-4","2.660927261826096E-4"
"3.855789247353414E-4","0.002553096456999082","5.894275759825152E-4","0.012701054706857395","0.004352803487028822","0.006242871829011065","6.768874516980827E-4","2.153499231967726E-4"
"2.7759363533419457E-4","0.0029881320818457846","5.739954780105139E-4","0.010247632800722717","0.0034032933816937616","0.0041480836826517375","5.158429470237813E-4","6.804881003812935E-4"
"2.672373743899392E-4","0.005735890979869374","5.894418217756714E-4","0.008000435129676908","0.005489006742132707","0.005497672110262308","0.0015617596035227277","0.00149262912822834"
"2.4300739853866382E-4","0.00482102071843038","4.3940902123257297E-4","0.01165522488337356","0.0040611171100018995","0.006273579933905871","0.001359546470676043","9.10331959450672E-4"
"8.950135731669029E-4","0.0015340923660962513","1.3866536445283906E-4","0.016175375547525683","0.002709411886747115","0.005053669049952636","8.543814306379849E-4","0.0010060070931077747"
"3.8830645446685796E-4","0.0024581693447627284","2.91195058646887E-4","0.008596946454659304","0.003006256556651099","0.0025350891638469264","6.766570929249704E-4","0.0010717590147541478"
"2.2352671178593742E-4","0.0033197981806045718","7.038015141195841E-4","0.027180985782216227","0.004163299044562363","0.00791204956790137","5.065142299022773E-4","0.0012049105609188149"
"1.761639337953813E-4","0.0012929032807003082","2.9960051115129893E-4","0.019578367084970127","0.0023281463641173783","0.010104715425993227","0.0017249115302377382","5.533532666032182E-4"
"2.354018685597481E-4","0.0032164894238189135","1.8138693293573427E-4","0.01842991687831691","0.00314810568480528","0.010958968679019687","0.0014550827262340693","7.877263561230086E-4"
"2.892554373106204E-4","0.004007182940486964","1.9472718033003433E-4","0.010540465159477597","0.002547183609442061","0.005571209998007753","8.861668805086875E-4","7.532101369006616E-4"
"1.4064315766704194E-4","0.0016205145530144849","2.3874913781463114E-4","0.012207133384076918","0.0017191155936405744","0.009908694008095353","9.719305793957078E-4","6.081201023538929E-4"
"2.7915445375015224E-4","0.00530075351372894","1.4819780519859105E-4","0.009697180126510718","0.00694754699018274","0.008298798027450927","5.089905604246936E-4","5.575619458310643E-4"
"2.399947378000089E-4","0.002770252008439278","1.1342094639665845E-4","0.013585666839160682","0.003117460573109354","0.005277076991094809","3.1408918168407407E-4","4.781731979475734E-4"
"2.4359196509349257E-4","0.0011641465800594775","3.2156110193276577E-4","0.010993916728381403","0.0027024537071163035","0.007747032578682256","2.296471815955714E-4","8.072035966557589E-4"
"1.731880778459427E-4","0.002867794489756381","1.251904712797347E-4","0.008285355799743599","0.00443458391120688","0.006225730983843936","1.608487116026569E-4","0.0010961407365496223"
"4.5052377019993983E-4","0.002022490331910598","3.120293418882314E-4","0.011905387887073904","0.0019093917539989569","0.008203454240706787","1.1621849351795E-4","3.231949403225687E-4"
"3.0867316526861366E-4","0.007618524127934734","3.7611126252018456E-4","0.01814250080360169","0.004200275159511269","0.00801675990235684","4.5143326430091557E-4","1.6133449425143054E-4"
"2.0133535916522227E-4","0.0048439872403964745","1.6017302460036298E-4","0.0115040425943006","0.002446778849812592","0.006116394604524289","4.0019870571816885E-4","9.901550194907349E-5"
"5.8742181991311426E-5","8.415083443420457E-4","7.557876435326794E-5","0.009995760513639262","0.002154793487208151","0.004006640962444408","4.7571530763002023E-4","1.6376666805700824E-4"
"1.0854330467413575E-4","6.514504669911103E-4","2.3124935442592198E-4","0.0068978976269841175","0.0013602024921438582","0.0053235045912704","1.3543952573213947E-4","0.0011753585977191672"
"8.415456856536441E-5","0.0018623847005312388","2.941230013246421E-4","0.012511344636054134","5.652995352231072E-4","0.010057593395322417","9.566407211969441E-5","5.858517269808905E-4"
"9.917998654651594E-5","0.008002009525964748","5.125948291744842E-4","0.0160391736891905","0.0020852332357255143","0.011717412192144394","6.167936660367301E-5","3.4685719830385153E-4"
"2.439565212208894E-4","0.007340912165328395","1.7303524240513957E-4","0.015867481341419187","0.0031948519920199647","0.010374611462903305","4.9083488003087705E-5","5.263246235312491E-4"
"1.9340875843776306E-4","0.005842190841596651","2.2526542727330234E-4","0.009915670935115029","0.0024011555345461177","0.00757100613384476","7.752185261988842E-5","0.0010939583937755737"
"2.71166066275752E-4","0.004417680544372415","4.0532922387898074E-4","0.014843874053909856","0.001944383445195319","0.005376707025630756","4.518841185199851E-4","4.1999367647616026E-4"
"1.7401269174599499E-4","0.008756249698844587","5.938708302596907E-4","0.01264003478588649","0.006780628114046894","0.005537964245929672","2.0815038129218255E-4","8.019424334083092E-4"
"1.1554793172530164E-4","0.00892928545205618","5.699178125725402E-4","0.006742117277416748","0.0035093889568648118","0.0038841283464026155","4.8667785972172917E-4","2.5887166191707056E-4"
"7.392192213606652E-5","0.008141045168240879","3.660313240603785E-4","0.007491257941770191","0.0019400939201842382","0.0021891444854427178","2.6124568093816025E-4","2.450431892386251E-4"
"1.2849169581508058E-4","0.0026166946953539716","5.758735572448659E-4","0.006376845441227463","0.0016124428629494814","0.006873168333794699","2.533839188465503E-4","4.662190423036505E-4"
"1.2467617433353784E-4","0.009251095606028437","4.4261002402856686E-4","0.006257579290900539","0.001673865817568898","0.003702058394548735","1.2170744053358051E-4","0.001721007755462467"
"1.394469473779969E-4","0.008492041606414591","2.994031715642387E-4","0.008709217306642703","0.001632094671915163","0.0027482740067216183","3.0363447997400206E-4","6.339924670121233E-4"
"5.9306553762628056E-5","0.005754190690117844","4.68618632268214E-4","0.010597148407755608","0.004692887723449335","0.0034530921813311632","3.4263839869047574E-4","8.74151266007428E-4"
"1.2568038728688613E-4","0.0036231172705991632","2.5222321851697815E-4","0.009440216671742607","0.003003586680029424","0.004809638715374098","1.6734801766232765E-4","2.981704559541498E-4"
"1.1027007203634476E-4","0.004029389925862437","1.804407215322823E-4","0.005923401340703238","0.0027016918488941277","0.0028669259660411006","6.984187965392019E-5","0.0010226643885429265"
"1.1081815449698329E-4","0.002824405119821405","2.4352886442319255E-4","0.006109720148549491","0.00147189476348486","0.0038154557266802946","1.3486527884049027E-4","7.91333984732856E-4"
"4.196166350400876E-5","0.0025327503281207253","2.3124518222666923E-4","0.005217702277621472","0.0019055322320349344","0.002743361823404955","2.8187308446314674E-4","2.188559145158142E-4"
"4.673428478352282E-5","0.002279318375079109","2.369503214471047E-4","0.0026883851432202843","0.002144926032955019","0.0024519151572623965","2.469088051174628E-4","2.0006715574466538E-4"
"6.212937268523788E-5","0.0021957648721542267","3.4163346939580785E-4","0.005416315365428692","8.528804534437828E-4","0.0025608188604110405","1.7836198577475537E-4","1.349732440110718E-4"
"7.760293144820629E-5","0.0011670908993904883","3.338169519111478E-4","0.004961240169618242","8.823391562974292E-4","0.0027103783867558073","1.5225823099335178E-4","5.213558190303447E-5"
"1.1552487701693703E-4","0.002236125442963255","2.291106466547621E-4","0.002088274497761111","5.927085722849945E-4","0.0017351874338517037","2.5776526299997604E-4","3.3358587787857275E-4"
"1.0316373123941958E-4","0.002339730462951106","1.0899341978315435E-4","0.006242016672278805","9.026860761169875E-4","0.001475242758057549","2.4355327230518586E-4","9.161482976875468E-4"
"6.770694343838368E-5","0.0021568086233129113","8.518386721262372E-5","0.006139937401477946","6.191847753387325E-4","0.0017077234589047974","1.5747874353466695E-4","6.944747502231619E-4"
"3.9864539874145954E-5","0.0070895055210108415","1.419996142948965E-4","0.003779534827644815","0.0017954879482433572","0.006415902028452991","2.1239840863901405E-4","2.7223549985128104E-4"
"2.599147980386629E-5","0.009498371155099439","1.790580602296643E-4","0.005778937404709694","0.0011821850846441828","0.003455551035883797","8.224606215156971E-5","2.820256791337683E-4"
"2.078463032584299E-5","0.006912039434286865","1.215630800277534E-4","0.005510450907963482","5.744075487981171E-4","0.0027072766969228335","8.912145873801736E-5","1.8015738047755248E-4"
"2.1983133788205933E-5","0.007213401651896989","1.2980769831677508E-4","0.00506693912214512","7.626181349663641E-4","0.004265797438183561","8.194226915181346E-5","9.862438398426931E-4"
"7.294065849483555E-5","0.005658525045270424","3.20594420917919E-4","0.005248038328372784","4.8308745761160843E-4","0.002401564782154142","5.923138001873163E-5","8.319766058275668E-4"
"7.449141910065293E-5","0.005176071705546681","1.520750380512026E-4","0.003418467215902332","0.0010114646449106424","0.002659243828075364","4.084975714735428E-5","3.75148037254025E-4"
"7.190273151469473E-5","0.005756050084458786","1.810006225053118E-4","0.0021837646493569896","0.003016134794341263","0.0035633531195041757","4.25623731279412E-5","0.0010403836640475728"
"9.918651017837288E-5","0.00847283624541928","1.7601490834701083E-4","0.00288425323077679","0.004479469040710726","0.00303592092279803","4.318960664767557E-5","6.116716565068292E-4"
"8.854476207398321E-5","0.004408317299184117","1.5443779448820472E-4","0.005012898782987385","0.002588352370849867","0.002522153446394282","1.9948002495440154E-5","4.924824786919357E-4"
"5.017870489032461E-5","0.003372528045401446","1.8357541508018382E-4","0.01057598761974543","0.0014481327248653253","0.0011908200861048268","1.4324853295000217E-5","4.6993650714882707E-4"
"3.834415757131282E-5","0.005428212615771866","1.8571242217269024E-4","0.004577790039439755","0.0014467224514392862","9.197060509575916E-4","7.483185700540851E-6","8.387772773713054E-4"