"sum-change","sum-change","sum-change","sum-change","sum-change","sum-change","sum-change","sum-change","sum-change","sum-change"
"0","0","0","0","0","0","0","0","0","0"
"20.645845698268097","21.995512993415357","21.628768616809367","19.4937525006747","20.50149105902965","18.425893976096972","23.228516410414674","17.78369890036589","22.37758831329976","18.62351509248518"
"11.574200559161314","13.059728209587291","12.520607768648697","10.9544666917619","9.919185752814775","10.787800538309682","12.813111120290717","10.221309670824573","8.604355430753753","12.796920887898922"
"6.4483025420744","8.245185701789525","7.420347578106178","7.734195596809942","6.4629354856344365","6.508586093921347","8.145936073403222","7.936728673913461","5.495132090375252","7.054602686728305"
"5.213902053953757","5.994387261337181","5.22228145048138","5.056346853443766","4.10804756956023","6.173151274586921","6.076179440803578","5.544819819591351","5.473314187662708","4.309534212406913"
"3.70696768982601","3.956438897193344","3.493524892171014","3.543931092481465","3.3747986642044268","4.426096833594848","5.0351952899426","3.5487270878409443","4.031793743097178","3.3517514092281093"
"3.762448315080057","3.3814154321595513","2.453077731736176","3.1390184428236245","3.005205751230575","4.077458477687385","5.813103035952134","2.9452029758756826","2.9390432598836833","2.2594360171475247"
"2.9577436155056254","3.483257945551813","2.213818454913069","2.5388173594945194","2.1029751931868406","3.1980794946611066","4.313271621515327","2.152217607090017","2.3892312555815938","2.292913009240711"
"2.8960055046689464","2.4913032884234743","1.3532279165067578","2.6193129200655703","1.7151631653451527","2.9280459113218384","2.7584203675702805","1.658267355433592","1.902576390254888","1.8014637075992903"
"2.744712883403329","1.899551586706362","1.1849415791042395","2.032678731973352","1.3085379801345045","2.9447817261937983","2.0611242294464676","1.0751539211368253","2.233612803198173","1.1783474441228954"
"2.241038364332732","1.714761958482843","1.2715636225239484","1.8352724622346537","1.3856294073899575","2.5338452690921662","1.7713750682109801","0.915897744288139","2.1410822484688072","1.3503176612005996"
"2.170343304586822","1.6469837620590444","0.945659573438971","1.8878400350890447","1.5501328173012232","2.258246638135148","1.5998002863309064","0.7655135052592255","1.6390874254541612","0.9978190767490082"
"1.7356421394187103","1.5585117356779392","0.9266629072725729","1.7193736947223894","1.9357620574152032","2.071173943945127","1.3268574906228794","0.6468230682110669","1.312104962372178","0.8898551835895558"
"1.4267599587877013","1.5551783913291062","0.7830280829080262","1.553222506863663","1.5823095915269434","2.0028615156462624","1.2944539990298596","0.6385498956426578","1.170322256267108","0.910566660742551"
"1.6102014536988731","1.5702606868173525","0.5727745305497379","1.7494279987546257","1.4422849477435045","2.057566844630533","1.3024621994141583","0.5138346253562036","1.4742709395499323","1.063902592245972"
"1.333007909230811","1.6187364002305238","0.589159429926579","1.5971123861876577","1.4042533879414103","1.5274165444591716","1.2165118798317431","0.43190078765677536","0.9866279397149483","0.7660807347708578"
"1.3855330404606314","1.1863388838894116","0.45718856431182764","1.7640969170417424","1.7846344050325813","1.559378901339382","0.925237682802337","0.46135877183293184","0.8910444843965148","0.7964843856660943"
"1.8528334783238316","1.060120624880328","0.4876848134579098","1.644641340058194","1.4177643373247866","1.3119385378866433","0.894447484205763","0.38398839579221405","1.0064014351307102","0.5725478347476763"
"1.5454423229931118","0.8745428026470448","0.5394659973977056","1.6416832358094742","1.5664495946656216","1.7709562895512172","0.9103542141053488","0.44946606626818825","1.0094916738030981","0.68308649031124"
"1.4278637031687733","0.9617976909265213","0.5270903105492398","1.3511223544925592","1.3934015606832157","1.4932237205853194","0.8376916608121221","0.42220706104422756","0.8085245743522891","0.8813081582949185"
"1.1975661923348173","0.9723687573109241","0.39674222403370785","1.0821807132779293","1.0195355299195488","1.2730535953753503","0.7836470114609104","0.3886666529864608","0.7995057160786405","0.9355959365496558"
"1.503742722536381","0.7774170465149693","0.37903571045020634","1.8345264943165551","0.8813446283897641","1.3287716624886112","0.7048721632834414","0.29686556834254074","0.7368400497992381","0.9798261946869259"
"1.105974696991701","0.7720345820396919","0.39807514511323094","1.347096903109887","0.6850503737332612","1.5621120949653797","0.5227707086561654","0.34281270103985306","0.6972631828656584","0.699773138901192"
"0.9144352619766856","0.7316329824973765","0.3808276840594571","1.6734566560629376","0.5522897418984112","1.9969919725425735","0.7791446409752956","0.39089351464338845","0.8141153972715856","0.8365267112604317"
"0.8358771102418605","0.6790908318785907","0.32096285410005543","1.4805428048086569","0.6136916283521759","1.4957698730667524","0.6032886189366486","0.2884538556897715","0.6224245948739473","0.926688713890978"
"0.8515629156702319","0.9865686567114503","0.2122222338107984","1.4504220303319324","0.6186880683400144","1.4337532025230753","0.5427313319417781","0.23105813698717337","0.7612322250490534","0.8588006074870158"
"0.7583565771978042","0.765695828213597","0.21552822117406534","0.9531217821806381","0.6455922772346968","1.178658607360378","0.6203366646674076","0.21075111219155968","0.6594239738505554","0.6357238628547435"
"0.8781625432567266","0.6824549811649055","0.231987256543849","0.9439400986882671","0.5746934846066937","1.1944912374537902","0.5748546787060358","0.2010448429069812","0.5963524129274511","0.5723838817144028"
"1.023920754507159","0.7246457292626471","0.21316123929116204","0.8340941161562407","0.6570639278118656","1.3775515032148085","0.6220748428281775","0.22311924578571035","0.5451858921427843","0.6832655492319963"
"0.8056816817427842","0.5932101344320218","0.24426406168795356","0.7310799039174107","0.714555601405243","1.2683908125288264","0.676324745516043","0.1852032380613839","0.5664852652572062","0.7165935221347994"
"0.7919198997422123","0.5003975060025021","0.26116199747688895","0.6234687764414856","0.4976958540129328","1.4058635503832653","0.7542171162232131","0.2201058778959903","0.5542570090920669","0.6016223786987187"
"0.6808081498179779","0.4714015048375844","0.21459291406177916","0.751927903773421","0.36171064140237097","1.1383164812714146","0.6758454676806451","0.1501953703000704","0.57365207139221","0.43095470114937284"
"0.7172430861660086","0.4514653159569018","0.21752902991063083","0.5272811625314149","0.39317467639391346","1.136594206451592","0.650125534095065","0.1429601537207188","0.5419071862138454","0.338968234884941"
"0.9224507921867116","0.644358454892355","0.20158640442383702","0.7428220912497252","0.39948202546853673","1.057689477366805","0.5898179193764546","0.16422390309859808","0.47001535933051547","0.3556977825634221"
"0.8608806764121857","0.3911670060391032","0.19884067027774743","0.7233888523430599","0.42399275266486836","1.3474770360681665","0.6284364825458152","0.14689924958063905","0.48134017127932693","0.4095779432194724"
"0.7933994507751888","0.3601333907566217","0.24098014063187967","0.5215360475542656","0.3844425290317019","1.263221308749756","0.4787081285108621","0.1384815994641604","0.4620439093882922","0.3615063967733618"
"0.7684326174205521","0.3130433442513467","0.19742348958891132","0.5536694887094064","0.3880960350218359","1.0297114835477221","0.49361344314032307","0.09310643428648752","0.4306689167180932","0.46022059825959816"
"0.8175410325216458","0.4189797871397924","0.19408670559935215","0.5656628087656063","0.362858489194189","0.8316880725883729","0.4463698655438819","0.07929352608263901","0.39597793009108007","0.3499640063429119"
"0.7155930021764267","0.435994405971781","0.2363196470325042","0.4356866933002414","0.45072814718790255","0.8382899839906555","0.520841991250733","0.07837036414605847","0.44318744922469944","0.40852665396822607"
"0.7223124364971727","0.35826710585694044","0.1952585987735288","0.4867519459380059","0.3650200159745023","0.8592798238341891","0.46148251208717245","0.07572685435897131","0.44701330249633775","0.39000173453393616"
"0.7213212165964356","0.5003878325462692","0.17744779965115287","0.39109470687381814","0.29883399778919145","0.8044807890353266","0.3664441679380354","0.07512621500427058","0.34682844217325176","0.4914639793285329"
"0.81698571635546","0.45866335654085016","0.21763345836554304","0.40712772334668956","0.3210411667937838","0.851535232149582","0.4599831961003361","0.09623580273793703","0.34236552308639523","0.3897814540795659"
"0.6056531257476153","0.4828047144079416","0.18076325533476723","0.36527145728472027","0.3799254305971678","0.8131604937154462","0.44460870373305494","0.07263722488468011","0.3709290340649825","0.27376836101685"
"0.6592300657143301","0.4317637174142131","0.18387946651432052","0.3459392686663832","0.3421679190158825","0.8860030516517685","0.48420739854708145","0.09118562028485039","0.366464227494999","0.34122840719771963"
"0.6965476159286317","0.3662215594012106","0.14738308253211352","0.33267696630561755","0.41293782739312934","1.0207961247601114","0.4130614539369515","0.14106321524930093","0.33336113160102676","0.43655584705653383"
"0.7143002093140716","0.3705731035713913","0.12692135764725876","0.3652092122702391","0.3082473697897833","0.9009247505884245","0.4456122502160691","0.09066333563626622","0.2158501600370059","0.3520576352949184"
"0.6925451050385077","0.3054232895259924","0.1786485824728784","0.4135068851101414","0.3202658050252602","0.8303627044853896","0.3708376157777088","0.11738878633721889","0.3064874826379863","0.4024637637585784"
"0.6751613212556801","0.2785860383902858","0.16576660885191485","0.45970982435620383","0.3495851255742362","0.6932641329152374","0.43277418494165515","0.09128676179935935","0.24772180381712144","0.39618921233361903"
"0.6621493956016148","0.2387224703509313","0.12792110141805835","0.3522241949692145","0.33214845479774946","0.662110514047088","0.4461634939525316","0.10760855958950849","0.26393791553942775","0.292513583054949"
"0.5144981502922551","0.2844983051385085","0.14507402220091092","0.33379636279562547","0.30289619941832613","0.8615252137717221","0.4274777911463091","0.10175339322429089","0.25066357686003654","0.3144233058327437"
"0.5545233065657897","0.26825828267034074","0.12486901103816439","0.37496362714601517","0.2503812238004351","0.7614859159210418","0.36672877108888163","0.11237714645086799","0.2647042573765888","0.3847739247422606"
"0.5689594280351983","0.29519640149502185","0.15613142996509277","0.3899994702875376","0.2478799007585067","0.7657266772770508","0.31828463306248667","0.10226547612809317","0.33323232852752754","0.4705572055772289"
"0.6389092689959661","0.19237042695138384","0.1320520160957802","0.3345604912639754","0.254107142060512","0.7615511710893385","0.2444581529509176","0.10210010987982376","0.3459890222156587","0.3069367460569604"
"0.5757667899394519","0.18239578143843438","0.13891750444361917","0.35583456818751097","0.2832734842013457","0.6983444899723191","0.24414575999394905","0.09967083881607813","0.2996236677311674","0.26473686949137076"
"0.546862601391097","0.11029185274884001","0.11956140905454438","0.3109963017548593","0.2018780394937743","0.5402128019641779","0.25917887970631737","0.10206180168691525","0.3149493564111439","0.23278006382874195"
"0.41505525834361634","0.13037457803066682","0.12372884312831622","0.40311873646450624","0.20085853304774315","0.44010161622680094","0.28109944556485406","0.0929920666101155","0.314290278143395","0.24485037045112745"
"0.33257416372781945","0.09833124554595496","0.10967537034003283","0.3337070280221376","0.33005436988364","0.7093408333298994","0.24654033353064336","0.057673395032848074","0.2568763261198238","0.2575787748974181"
"0.39996183521081463","0.08498149710349218","0.103472733469816","0.2833879415769752","0.21793460681135635","0.743694920858145","0.28864545137522524","0.06088307449865077","0.23646062994839268","0.17871955384268345"
"0.4775019321303149","0.08540779993791087","0.09079976244859844","0.2853227279743331","0.17092293464061942","0.7018424361715759","0.2687358088838851","0.06594631772502019","0.20773705314051205","0.1839154634914112"
"0.38969524976418535","0.10502792645542042","0.09627929448094585","0.26861561275365337","0.19829381257962114","0.6460605783614319","0.2494540531168058","0.0644772193727205","0.19787055923280128","0.2413321748231142"
"0.35889911084242043","0.10504842033585876","0.05392070390871018","0.18723285804842554","0.1847353494495943","0.49532146632025703","0.25100318785950626","0.05556013188058051","0.24540438857960944","0.24327207954307328"
"0.3742701139199819","0.11408475038911581","0.0813103835160568","0.24958868087456448","0.17748568662341557","0.7296502809274368","0.25890486896655274","0.06262685424170839","0.24793922157889492","0.21979230576461506"
"0.37587642651946696","0.10315626631408831","0.09394885327874436","0.25493460218989045","0.24031090583304382","0.755173312224729","0.20886138432396162","0.059334497601083946","0.19952368296923806","0.20260849453709806"
"0.31559666481318727","0.14993821176812178","0.0711652809541986","0.21259178405690132","0.17690237863545988","0.7367950988106736","0.21106589267449338","0.06432599552393004","0.20172813284219376","0.15208027239694244"
"0.35294162262971485","0.1387244310385114","0.04938590780071184","0.2683902926926238","0.24992294890750377","0.6363649803947933","0.2769071848907822","0.06870130615789238","0.14844905114664442","0.20932947324479378"
"0.36952686733643647","0.15259232745663842","0.07868852525575032","0.19139890218223632","0.1960220846064935","0.6703041305227236","0.21670492785756956","0.06742400056530601","0.16400304376948743","0.22014528656888022"
"0.4906412743594395","0.10243159740184626","0.06847419216055506","0.16115045284055562","0.21524313456626676","0.7004257870475055","0.21302121388889506","0.06227456733547282","0.1659431807034153","0.19693162966143363"
"0.520564738273948","0.13715221981691889","0.06150972106341157","0.18216668376543127","0.19701546072390108","0.6225548515683177","0.21561335833303563","0.06501815454356163","0.12710546075187373","0.2134017705468384"
"0.4564817990814404","0.08046549220066002","0.07431533222528419","0.2509129957258008","0.1632771423726198","0.5614753195061949","0.22384931091320115","0.054472953604394525","0.17188430792661347","0.17790650937789365"
"0.4282640503734426","0.08821084783997452","0.10201328880511873","0.213039145493156","0.19632499133771275","0.5520035880666577","0.2612201562808539","0.052513488684739984","0.1646466104951051","0.16163937273504414"
"0.39900606179925757","0.07788434423569895","0.07977921944508959","0.211806577113405","0.17604312037758163","0.5181669063098713","0.22490132029707016","0.0748097283609277","0.15889357175512359","0.18638321586534046"
"0.4509641704481423","0.10210047637722319","0.10665845311341016","0.22518674758714852","0.1712642115728491","0.6288085254446342","0.24582891567031712","0.0816659766560271","0.11759170979105016","0.147970975701747"
"0.4823308276679047","0.09033482927886871","0.07616039045034695","0.21632210422634285","0.17692741097491493","0.7416313427246365","0.20712262992673924","0.06815122767215664","0.13362035750499696","0.1252917114816129"
"0.43706955223140576","0.08566915477797515","0.09395017779220871","0.20199334211395265","0.14555120073524563","0.6839278081076172","0.207713823455763","0.0857280132268482","0.13361607908890832","0.13577172374736335"
"0.29837544217697665","0.09639025052811961","0.084393183410436","0.177309953919978","0.12385291254302733","0.5107722767305727","0.20309124868737494","0.07032045985366131","0.12837833242819857","0.1464882223016455"
"0.2700659066768316","0.0790829553952549","0.07395400672931929","0.17849406752848396","0.16502243377469816","0.46515266166679176","0.1841021053536811","0.0644925801149353","0.1813167280412048","0.11250040298398778"
"0.29426331698178165","0.059641654001461486","0.059883502936613486","0.23701703091159937","0.18520680351821228","0.5116118423491254","0.20176178759886015","0.038037504445288584","0.17932597506497366","0.09497599619187136"
"0.3161967527312781","0.06990986436542423","0.059384553659110106","0.20745194689602675","0.1305048194441233","0.40820850468777914","0.22576374469507732","0.039176943382761786","0.1469523246523266","0.11115873767661877"
"0.2649689782633524","0.12464723322900684","0.06838391185704806","0.16076674492098525","0.12506789200447777","0.4674301823618468","0.18281963811562163","0.04035688690601641","0.14952404430502458","0.12408877154266229"
"0.2702623069641048","0.11100125850244719","0.06672224355133838","0.1826889353912572","0.13053875924844827","0.47286710117453284","0.20171623234305586","0.034613757418375246","0.17718095447918386","0.10955853522430326"
"0.3013103922141086","0.14849432844739086","0.0747419344166047","0.16954732855839016","0.14209328198147808","0.665857685425335","0.2460930079913678","0.03475893248333978","0.15268800122342652","0.09111749363373955"
"0.30498410657409847","0.11713678841233433","0.06246300673862193","0.16047837711994506","0.12998777560796615","0.6219936991101243","0.22521211027304283","0.05158808402765086","0.14153635056439168","0.07925144975058096"
"0.34933014620980596","0.11797920783065163","0.05408160479907087","0.1945973145363185","0.11197580058720713","0.5298089720258223","0.13806420805169295","0.04249433592950275","0.13390223395581824","0.08917740556798837"
"0.3078420789708948","0.0826625059390238","0.053141859057771246","0.1796463820056851","0.11583671060637935","0.46420253803927547","0.1698408782063517","0.03344357579855889","0.147716178656002","0.11007021491851066"
"0.2731446435506987","0.11605078918358613","0.053529270560594644","0.15370240549435527","0.08043963074357163","0.44286624283799925","0.1532185545666807","0.032647423670104925","0.13467092182969403","0.11321943302342197"
"0.2258341965186098","0.11188895273682153","0.04528868264625319","0.11637407611518208","0.10338921872665674","0.5111150632218942","0.18394408953908253","0.02752110164164645","0.14414458851627004","0.1314283889925748"
"0.23211014427011345","0.12911662203562269","0.04820470448614478","0.15056358352166188","0.14676638914609186","0.5915351768587741","0.15775693587012102","0.02911301121020704","0.12129882655840701","0.1229702130419098"
"0.2386523308140256","0.08272425792579335","0.047609533655433744","0.1351050475898583","0.11049732296606751","0.5383014632814958","0.1638424005158542","0.026690752777492888","0.09640449230451564","0.10418904508284998"
"0.21361765234242525","0.09853186902549294","0.030012233685082546","0.11463217822453242","0.1426771695665311","0.5837014701967741","0.19237239523975608","0.0298821375072732","0.10851953980223311","0.09199350416018026"
"0.19925764362210263","0.0867253876749507","0.038590261167123496","0.08432533280686161","0.21169006746373054","0.5040253611300978","0.199362052703279","0.022776392428511594","0.10884971861353487","0.08707236617597747"
"0.20402551105016065","0.0913081028368326","0.041224870914067235","0.08396913128434524","0.14870920565506918","0.48875895915256196","0.1511212937382005","0.036238262690927","0.11255951671298337","0.07997770045280228"
"0.18047830966203016","0.10928102171676596","0.03570609287198334","0.09499074309903821","0.13761702900076034","0.49185704066609803","0.13601017188722503","0.04407166659191336","0.09477061011409393","0.08423968177580987"
"0.1515725522441851","0.1098554182920295","0.037291312127806675","0.10900685480386119","0.14062500995484706","0.507368234774215","0.19310429788068006","0.035414688491306856","0.11241913592336783","0.08562310282450591"
"0.18309237553541136","0.08817390738888137","0.042661656033595285","0.0819996903513539","0.1494071060410631","0.45247310538490726","0.18949718760251966","0.03184014863868506","0.09849182894920172","0.07626838225086263"
"0.23101987684565217","0.0909496795860052","0.03568679594226176","0.0657188171926032","0.17032418544662153","0.5302471916978251","0.15312009621983946","0.03337882668952402","0.09999375960757395","0.0906067912895896"
"0.17785475783915772","0.08870784693413791","0.043001769958065816","0.06804503634688841","0.1635623491474778","0.45668903251640713","0.14406557818700105","0.035208287039371955","0.09690192238687123","0.0747435561047155"
"0.15672860173160086","0.11268192204230942","0.034556202577743944","0.10962608021297315","0.12416722077052944","0.44355526084811026","0.1240637975937095","0.033674615391480756","0.08678748643014622","0.08551201116543106"
"0.2215598385988956","0.13130870039860398","0.049711771363842305","0.10691781516559118","0.11687097583947004","0.45720859166090755","0.1098946720437251","0.04330778250397738","0.09624068571612088","0.06757974498094299"
"0.2371759674565932","0.16080102697920573","0.0416774210820422","0.125602411787065","0.12197491549251249","0.45510636954030725","0.11734651843946653","0.039432616983081814","0.1030747244266319","0.08363524307481107"
"0.18969818261029303","0.11084967368532483","0.03948320083599732","0.12142279384936283","0.11397467752857326","0.45862720547922065","0.10125331973333057","0.02986933088318422","0.08776740057434573","0.06231409351619133"
"0.1880565573701808","0.11824593555015067","0.039010871014793724","0.11114736277954806","0.08962772855014633","0.45931054017523487","0.08889952757906039","0.029433230605711846","0.10005255752322184","0.07309192081140703"
"0.15650146337295412","0.10166711179477372","0.035609754561650386","0.0968224069187944","0.09159901974232099","0.33639631485927357","0.09515932876694572","0.028427190394954616","0.1023264103784729","0.0673041660951712"
"0.15199206508931185","0.11870376335533994","0.03306827091090714","0.09262905808664468","0.07174852161099776","0.4281365812241731","0.08745673784762575","0.019127899147365235","0.07856481989706054","0.06429359801042966"
"0.18192038582322434","0.1063899379918537","0.04120996787327347","0.10842963447053988","0.060775645418906454","0.47404796598488874","0.10712117131380827","0.021581372182691516","0.07516311949716659","0.06668785539257982"
"0.17287405776606857","0.08356155289792028","0.04142495734400198","0.10289819161816172","0.10500671995244004","0.33931551257048265","0.10210732132764005","0.026679634569200084","0.07414225471266156","0.0600909338857506"
"0.15115648531657555","0.08381466124810388","0.035338097490319687","0.09328488117243428","0.10768741951194671","0.3335108395382316","0.10036509375666525","0.03247082120738143","0.06614306803568837","0.04792913204050342"
"0.14619079712940042","0.07088221761337943","0.03164202297004892","0.05729404400281768","0.10540402082915978","0.33156309155717223","0.1025883148699302","0.027995344351802953","0.06562059952048283","0.055337264153824894"
"0.16345017283916774","0.0767103041164035","0.024015937557129052","0.058612229749389844","0.11200581596963699","0.3578595522928908","0.08211226565348301","0.025378277281397466","0.05636434214398378","0.06509293297319485"
"0.13517022639773213","0.12028689618792171","0.03903450356620708","0.07020594720310613","0.09202363106970135","0.3754066660134655","0.08359800223562358","0.0279738645952598","0.0664574451178308","0.06844398930537055"
"0.1506875934772608","0.1161951167149875","0.03382533081539607","0.06634395057317033","0.10211420637445423","0.3678728520205835","0.1008499622964355","0.023849629022042962","0.07125737036008128","0.05544617517653205"
"0.1521987498098648","0.08440983080612213","0.03338771701668353","0.05831285694925081","0.0939982293772802","0.29398617197320576","0.08237691552618609","0.02454820674679009","0.06447491114809245","0.05172942049036866"
"0.11450668051161439","0.07178396356673933","0.0332988310386777","0.06272680122159036","0.09255692837271945","0.31485547787528656","0.06750711909484491","0.02524381000512005","0.062021794470923375","0.046535578765619645"
"0.1429299826178888","0.06618487921684729","0.0258698383054633","0.06653382244665629","0.08849868230915969","0.29984347754718066","0.09714158157745695","0.022668464620332562","0.060963564516073654","0.054774052559529274"
"0.18078837773744694","0.06469732859840055","0.026752325992446924","0.07123531818515139","0.06596098596519506","0.3304247193506231","0.10253791264134043","0.023318315651736365","0.05423094609578083","0.055089606500916544"
"0.13176946778080134","0.06508827212286183","0.029317373095539168","0.07669965893763975","0.09353814494115387","0.27533927460748475","0.08913552917336864","0.021901129516160633","0.05679967130623176","0.07124620276780591"
"0.13135348036908134","0.0650753712415163","0.017856436508313145","0.06746862732527537","0.07716952299305024","0.32817626183799375","0.0829407463288363","0.022018990927812343","0.0612153463194709","0.0645499210880971"
"0.12378653039910659","0.07756109414299023","0.015627953899730707","0.07410920180172798","0.05797038430923118","0.27863520009743836","0.08678740046274974","0.015786013133273713","0.06143927659113435","0.08854784150007566"
"0.1478291456816787","0.07772389885569048","0.018725567877323934","0.06251401322812311","0.05483493868233236","0.23668133213265397","0.07867427923057563","0.020253643411407785","0.04736445588810989","0.07547337753944017"
"0.11847423868853779","0.08849450041512186","0.016560446904299364","0.06491705384960433","0.05660409703971003","0.23380905614584824","0.08876217586878976","0.023237327780609773","0.053087876300825565","0.06815879707826134"
"0.08878299451616212","0.09404975690213435","0.01925564251375733","0.05945589919572236","0.06524719028119974","0.24447932339007528","0.08126722625684718","0.023479485601570593","0.04874814384594317","0.07661804188145316"
"0.08301830387465603","0.112652447394324","0.019021651950666074","0.05611104381945664","0.06807004810024064","0.29302439216400844","0.08175016199957441","0.017608493079744603","0.05532378509110358","0.06470553447902205"
"0.09837419098898936","0.10108729567478525","0.018982052913800063","0.049711063388314325","0.05606915606943896","0.26821538071161355","0.0919583191599227","0.020600627348574152","0.0537679238418276","0.0819746631262771"
"0.12373754125748337","0.09780223428115381","0.02055321821130418","0.04695502852436495","0.06348399972930141","0.24486034404797352","0.08963799934709021","0.02141040602837707","0.050111077189144204","0.0581604285276347"
"0.10960791289083105","0.07560858108198515","0.016530694480704433","0.047184553076807356","0.061082342319890404","0.2533107630392457","0.08634015951400525","0.018774001953982544","0.06465915831100422","0.05703519616500552"
"0.1208029792021097","0.10251943064640284","0.019637561871645448","0.041972502462089056","0.06341681936419996","0.25262450173004214","0.08644717605553182","0.016208157988219674","0.062284680980196905","0.06232830478327811"
"0.119201278212828","0.08081495430533292","0.020599095527721767","0.055900709341635935","0.06312414644319397","0.2571198466472928","0.08875781294937735","0.016660368916931068","0.04960315734376486","0.06695765350295357"
"0.10207075627301421","0.06381222786969037","0.014790231884702743","0.05468242208974594","0.0905717818803502","0.2614275372400503","0.07927562189396753","0.019658806499116666","0.03774776910908373","0.05968578781174494"
"0.10372633733182168","0.07465023450497149","0.018392858054776418","0.04737333428022861","0.07900940193526118","0.24765001878141257","0.07544178023657566","0.01691302701872005","0.037930639288007106","0.05245925586397027"
"0.10318111252389972","0.06309711303599097","0.01815883241798455","0.03860865359680232","0.1011384078056613","0.292737392552447","0.06541611671456232","0.015934750524169428","0.04358740475026379","0.05686077053496774"
"0.08962037086947927","0.055304189125704284","0.01582107934854904","0.03840375356855763","0.10011317776772932","0.2616270107794618","0.07732761284385353","0.016563614336297716","0.043964967867119786","0.041986367938247504"
"0.0750625044808626","0.05102701006856403","0.015413254062350945","0.0425700871432515","0.10185161278677657","0.24526864840245255","0.08018418899046142","0.019518471882697175","0.0410018071360565","0.04547714200061992"
"0.05912614141566919","0.04008922689526384","0.013615503356068981","0.040374960707836416","0.08945705304621665","0.2098647056677304","0.06850987066779629","0.01666198599974933","0.037825398793358445","0.04576491732216437"
"0.0767948261826632","0.0364789710536389","0.011540646668295906","0.04434973269236375","0.08486819011936564","0.17660627214943259","0.06455571955558964","0.013919772821230525","0.03517144065605515","0.042790142306234125"
"0.07234468481275758","0.041969561269460276","0.010420481575769025","0.033305340322420385","0.08093863820353508","0.22449814929341827","0.05589255667466719","0.012929049704551054","0.03267203490730719","0.037351585187592184"
"0.08445972898115817","0.03890722603035729","0.010703459730047604","0.03129201589528008","0.08783837236738612","0.21020871641348604","0.051921614983453046","0.012611360899731805","0.024773139448692638","0.044079476859830824"
"0.07002257394629674","0.03498507114667726","0.01500269161290202","0.029153493355708937","0.0744265951451758","0.21215793066251765","0.053480415033622","0.014706572699280107","0.04068594436200568","0.05060292238150177"
"0.07291696096792522","0.03747544823528898","0.012736000151803428","0.03096408747419932","0.08414452422299401","0.18690407485868343","0.05096985627104894","0.010389322561945635","0.04284937318336368","0.03705853231642364"
"0.06742012624182303","0.05192228220548073","0.013950274790126227","0.030605777172484694","0.06907224302128145","0.18646322632239143","0.07068668637630132","0.01820541135017789","0.04465262377580803","0.04069562370735491"
"0.08121647847301405","0.052341768753484896","0.01223097628596459","0.027803593809098137","0.07819629893772218","0.1835646164699204","0.057395825045063464","0.01695118549269181","0.04271023781723593","0.04212708447107649"
"0.07972894378132633","0.051948796331707126","0.011747622787492529","0.02974958443361464","0.06939560632874364","0.16474150060238646","0.05195351669440079","0.016299400024755828","0.039703797541621344","0.04053043874701323"
"0.09437812228004194","0.04982670066835343","0.013883824180945359","0.03268646634135708","0.057380107945605774","0.17299329334826585","0.046321721659519643","0.020663223442634715","0.03646635261705167","0.0354170054961197"
"0.07209101052030054","0.042645325451131255","0.012355622076164252","0.03533072155871597","0.0756511680355828","0.12819127187857737","0.03301504052283749","0.012955578206335638","0.030654844714835927","0.03493519339894713"
"0.05906120900377643","0.05464164061054161","0.011580559854639239","0.026276893934134016","0.0672944465617179","0.16947234870595163","0.043714605903789616","0.01186318115395918","0.024103543393719562","0.03678827094320469"
"0.0714962179625106","0.04116086930602497","0.010717552118819196","0.03107169378549557","0.0658026312891935","0.1625593682429035","0.046332702126771985","0.012295187256160023","0.03004129337616812","0.04904986688801061"
"0.08044316557627096","0.038134009249110645","0.012847336582438196","0.02631247890601296","0.049516560883869576","0.1456079824506028","0.04462160305767632","0.01114387018747015","0.029003646646754255","0.03739964594683498"
"0.06577854167701691","0.0403555819030309","0.016129256136893533","0.028127347245204493","0.06041548238988115","0.12902286516924644","0.04081858071710864","0.009957046302960126","0.025079035996527055","0.05199558551839445"
"0.053395146715703334","0.03342813048291671","0.014721844937876538","0.03075092589834527","0.0711797180147149","0.14523024994898115","0.04357121059689184","0.01383981991544464","0.022374145980477267","0.04492412954649605"
"0.07864885174354397","0.03163986238472044","0.014744758270389569","0.03132402899545017","0.048656194900532745","0.13953540604746562","0.052429756400447","0.0155132262410142","0.016414053337380885","0.029973153081136683"
"0.0751868954319076","0.02462655550548193","0.012800390039446885","0.03238406754722012","0.04570865928438961","0.10217617602489959","0.04008369498248865","0.016039676294901106","0.017710526923781167","0.03213635833846307"
"0.06833361800023063","0.030494917909463293","0.014373461652695374","0.025408167504472057","0.05298764987783988","0.10790295535730765","0.04568785451078078","0.016468794869204217","0.015152866600899317","0.040136083463105376"
"0.06489407941978187","0.022587121168405666","0.012077714363291303","0.022999181968227478","0.04857212119208176","0.13723928057863088","0.06254450054288463","0.013498496710353136","0.02004795910908841","0.04868784589801889"
"0.05939513637776628","0.022262980943523747","0.016076733247405883","0.028631932384863945","0.04749300249451749","0.13369880992308836","0.05050242922949233","0.013409450889149466","0.017876865222292704","0.04080138261389876"
"0.06022777587081829","0.017603340254084332","0.010862449494748572","0.02108425333995867","0.0466126473990226","0.15079080334525718","0.05224931213767542","0.012866318084498451","0.020470673083778368","0.03528368557636363"
"0.06672997510403111","0.017495942441009105","0.013112384413287992","0.03016034547209101","0.043123402855995474","0.13527899422461132","0.04288302524052201","0.014776090599527891","0.019317485901645393","0.032511118578079756"
"0.07238231795901551","0.022378647883839975","0.013222271553594123","0.023354243752146564","0.04910304673097021","0.14393388889465464","0.03589316034172074","0.010691615478600702","0.017927250937943007","0.03346676885461075"
"0.0627279152907223","0.02283183164031649","0.014042589988176646","0.026596579953081845","0.04369296793268984","0.11755483472422457","0.03854154239756108","0.013267269920825997","0.015214973472757798","0.03818394041900397"
"0.05227816773360905","0.019324170027437415","0.011515535165662394","0.02439246056140676","0.04158627398361214","0.13469756579814574","0.029157333617877035","0.016043504874498016","0.015356768061358994","0.026517189192329704"
"0.055319743527553755","0.024199712906097515","0.008717777837833895","0.018782477458265","0.048439345238427634","0.12354576580594678","0.032132787777461425","0.012962433947644292","0.015757920766717892","0.02823830677907646"
"0.0649516909699639","0.024187768505989138","0.009818039470367412","0.020702212936757114","0.06373781224615527","0.12234092804704932","0.03096680711636146","0.009829690132069469","0.015894185409470185","0.029546709852033226"
"0.06416399094000769","0.022567618857496086","0.010162733907727928","0.01936168540790273","0.05906105898087077","0.13070906367532664","0.03257890571929961","0.008942090913472034","0.014374001904260303","0.041641325645057625"
"0.06557538252020356","0.02775979929128708","0.01057276076949043","0.018414687063791124","0.05026304560898576","0.09727371509410865","0.0282548526409776","0.011602807031430684","0.016707893215587633","0.04727672400105043"
"0.05162754579800011","0.021284585170911863","0.009453330684036088","0.01665010393354527","0.04987610855755287","0.1004232185439653","0.03925744031617018","0.014014812030728352","0.010640739824596124","0.039043387768729065"
"0.05461311948358294","0.019976245433478645","0.00842878269953995","0.02011206169926527","0.052053450483107166","0.09567234785538847","0.03429243265900961","0.013576976848510336","0.014427188377920896","0.02635938312764552"
"0.06634353561420159","0.02331429065010021","0.009220931275253808","0.019558821583331887","0.04411584986992545","0.11891082672782705","0.031412430845868755","0.011697129745041668","0.0168243857668261","0.027726957198795255"
"0.059546628280514935","0.018403966956793583","0.006938121738666814","0.021308638253067058","0.0518115496863657","0.10723263202661448","0.03046426055757101","0.010926835116481404","0.01597046149902237","0.029024941050067365"
"0.054972895440587144","0.02542204070084564","0.007076299867710523","0.022811158605323456","0.050071915715547144","0.0981108975649676","0.03533696622884214","0.01096836408957691","0.015357298961809263","0.027055899169742936"
"0.05645745224572829","0.032307176022305206","0.006897210561005118","0.023773495876661888","0.05459481147355494","0.09825007151750353","0.029847705516364786","0.010352458655698116","0.012616363655937657","0.02464655950302863"
"0.060168217677584734","0.030332402950082993","0.007489100866195364","0.030193262846116342","0.04073456487821525","0.09260579409682457","0.028445605732563273","0.009227843821278947","0.009080538618818745","0.02601348879031018"
"0.04773759367484487","0.03583095809415088","0.006690934845708263","0.023999386448535387","0.06029975668980658","0.10975977023039785","0.03582311695095863","0.0081022070552082","0.009242983477464772","0.026190815436853088"
"0.05039894728049721","0.027213437219911374","0.00618669263814442","0.026685938379326535","0.0657298544597531","0.10179965391113788","0.028532971087159686","0.009419363585768947","0.008260794480001055","0.026377528882818524"
"0.044530644087946936","0.021522427195246996","0.006222799992165906","0.021219995194140417","0.051316156739530716","0.07990982836589011","0.022231905244667616","0.010462998218420727","0.007662194598358596","0.025501717920120348"
"0.04429605355298538","0.019798337589455317","0.006673095602261259","0.023531256581768023","0.0528448688662968","0.0733785047785167","0.02326907872843792","0.01114662698062463","0.0067225179619120334","0.0329282352239717"
"0.052215092771065175","0.02009956267181051","0.00498784359451121","0.024996501105965963","0.04443050590670716","0.07887670472766106","0.0280463398118741","0.00843343987825873","0.006496886681518488","0.02698332870436093"
"0.05426157048536817","0.02339980652928636","0.006184197714979245","0.026158567815936506","0.04570928472498237","0.07443864870575989","0.02024749920569907","0.006964851702534858","0.006584288532403004","0.024304588482769285"
"0.0655269374055818","0.019309216753848335","0.006451480682612143","0.017910082012942974","0.039435517968562483","0.06844653535995204","0.017909217875891725","0.0077432268958366746","0.005914549681178216","0.021412158840175888"
"0.056310617182544376","0.01875991666348159","0.004549958693077394","0.017709245954860342","0.049334278758382255","0.07689980227594417","0.019539076415036438","0.007472380686296243","0.0060542834528996","0.021798801681956248"
"0.056768887350665875","0.026023826741721212","0.00945060395817432","0.018452675896310056","0.047630430521741984","0.08444620120060431","0.022185801329575705","0.006164443815195708","0.006621115989731807","0.02050384335151345"
"0.04788117213728171","0.02200915335168102","0.009425616351247279","0.018862263613896313","0.044486594035208604","0.08501225899261944","0.021485405351946152","0.0063944203652518405","0.006668025762046281","0.017268708885312622"
"0.043910483694739266","0.025839755134186404","0.007963673260546922","0.01434522730074117","0.038370989961691526","0.0626283666461116","0.014482687309933628","0.007845492820956812","0.006028762605104765","0.0160723092731635"
"0.037433917428699504","0.016761705953698913","0.007177094107750026","0.014806309578048071","0.03435143935879392","0.07318911101399161","0.023315753609840284","0.0072442627987133745","0.00638464906142866","0.018620613237606776"
"0.036628262138408196","0.0173146913097455","0.0065195628263540195","0.014940885971030826","0.03581162037421892","0.07047001556892685","0.024490620465550117","0.006185334865017211","0.0051973152911565235","0.020538563349995043"
"0.04086089194724496","0.018834948652652617","0.008060923979430368","0.014347552775425765","0.03594781228488275","0.07951862302506096","0.023907076927673743","0.007395577962311384","0.006553327493383332","0.015663930785721925"
"0.04329402558622264","0.016385950287442885","0.007424894275133043","0.015464072625447689","0.025276194740424196","0.07721225549679778","0.01875103432612446","0.005574057794484444","0.005254067306334709","0.017686436393226646"
"0.032214895888221684","0.017973595206699222","0.00527487204590027","0.019467024356365936","0.034599857415828494","0.06533539758573881","0.016424074557769508","0.006457608733194675","0.005198133797545523","0.017821148176961232"
"0.02780416016827425","0.01728089643381797","0.005796411766728737","0.01705208165341421","0.02572012575184046","0.06089790196494238","0.024869800931057395","0.0074027567812351425","0.005133954664600426","0.014560526787001926"
"0.03342659360576994","0.026834566792939663","0.005240872405229746","0.015478324795798803","0.02418971954507665","0.06611372854162201","0.023169946920590212","0.004795327181159659","0.0047973977538029455","0.013266279881048892"
"0.028263566574652677","0.031202076439815873","0.004755896094063572","0.016512616622103016","0.02831876168994585","0.06339285494934555","0.016065558501871247","0.005008450009908572","0.004623261980619575","0.010352070263973778"
"0.02593652432653948","0.03028991128675962","0.005731752883038843","0.011387767116998515","0.033575339854296726","0.08516795489465023","0.020160338613930795","0.006380164558234369","0.003933215593042827","0.014196091393038457"
"0.024185414277587358","0.032832223986561604","0.004219473613005009","0.01067461038293116","0.04617510278708026","0.07260861219830672","0.016878494838531266","0.005989107256914927","0.002957397853871613","0.01286021141160787"
"0.021027499735539856","0.026045252777691597","0.007252883817248201","0.008913993083225047","0.039723837294930675","0.0750769234345573","0.019302790322626162","0.004768803109185926","0.0029774254104408815","0.01337192299635892"
"0.024897279204233014","0.02013239326508276","0.007637014256135055","0.00981681737751472","0.039324733579799265","0.06470658339261237","0.017784840943798785","0.005588841027117375","0.0035177104548383964","0.011651644314481846"
"0.021702011349420736","0.03116296833295157","0.006210270078421232","0.009652415304544082","0.04505426539129198","0.05559651504898622","0.015365724452668261","0.005591037312649094","0.003833447580309568","0.012610365117522337"
"0.032355159923458277","0.026382504883134872","0.007659661532182782","0.01064945054389621","0.031053932001938955","0.059460678578539206","0.013006637158474832","0.006373108835523278","0.004016417685545393","0.010930187536543179"
"0.03134874597765147","0.021157795756303444","0.007095410940324509","0.011212731386178731","0.03804727205589875","0.05959444263042002","0.013346029086389655","0.005109052149783799","0.0032070883218980883","0.014630492195157663"
"0.0339746852828513","0.01705454072700341","0.008022622286321557","0.011062872519425837","0.036855394625504245","0.06650070468959313","0.012608861179785047","0.005549891342250923","0.0035592354831891493","0.013090448924696796"
"0.02985285426115014","0.016399056731248862","0.007338061417954567","0.011400095757942208","0.038935618492610735","0.06299507484058975","0.013052927684348181","0.005814245808168361","0.0036073643398204513","0.014217935633451972"
"0.02101864716370061","0.02461327179955458","0.008080748415853711","0.012905061743703206","0.038700386874904846","0.051235743106664344","0.011970174721037674","0.004498939041416683","0.0036865233267663333","0.013368035120152832"
"0.021962648435589927","0.01589831446158274","0.006906327203006213","0.013974421609030063","0.0349727105034453","0.052016555311706014","0.011774911437405722","0.004379299495888833","0.003286612927679622","0.01340222613897224"
"0.02549913570211615","0.009313749720177733","0.006125887212234837","0.009829071020132862","0.029179859367100658","0.04881993989371025","0.01155612338902784","0.004341072519449485","0.002885179289831452","0.014928706372659417"
"0.023697351245679843","0.013701463146512438","0.006605686428176161","0.007384476459120437","0.027886673296249054","0.0437737043520503","0.014507277366326399","0.005332988657487214","0.0031230470043001057","0.01416841190910012"
"0.019387880767971488","0.012217921345965721","0.006078474529820577","0.007178499757029333","0.02334801451272006","0.045355092816401155","0.012778879585999603","0.0050585996249445375","0.003113802783725639","0.01331252574088837"
"0.02164538224982393","0.02056265936977808","0.007696981011275139","0.009270446687970835","0.028720379033873256","0.0380862765747807","0.012721792037465707","0.004328656421093924","0.002902153006472119","0.010432811446515866"
"0.02731542078127691","0.017646913047723978","0.004391082103831545","0.012678497217164852","0.02881235281903871","0.03966185309393333","0.011749652040773328","0.003107768107502573","0.0024145498044229052","0.011082051608467203"
"0.022646292410835156","0.014588878287259632","0.004555347822340572","0.010457549391152066","0.028883180253722607","0.0573302989346991","0.012692399211080563","0.003630736992575101","0.0030662168356764274","0.012297838228670366"
"0.022928561996450436","0.019284752108004066","0.0035602707987480997","0.010683891897533382","0.03402199087036095","0.04934737549072232","0.013659857456090774","0.0032286243647099977","0.003226524539483022","0.011402949948462804"
"0.028393260849164714","0.020705176138082426","0.004192124519998286","0.009330953840453349","0.025374827861507132","0.055152677331387734","0.011177173638533489","0.004274418583950779","0.003746620175701487","0.013259873103383168"
"0.02785294210827982","0.018287081837587704","0.004166827899478864","0.008858727235309671","0.03371928417012948","0.05473777717706507","0.012353744892556084","0.005171409074070765","0.0036940228982130785","0.009404443690864128"
"0.028130178249125226","0.019724623070143166","0.0047016031786558665","0.011121097099263011","0.03104779308681449","0.04577388839840757","0.010147011237872872","0.004854280715811454","0.0032906991612894343","0.008105959915067795"
"0.028996746949751073","0.021456635323285844","0.0038962341792665445","0.01063777244719577","0.03470105563113213","0.047998149844508786","0.011022502998537909","0.0036958189261188656","0.0026687540206744575","0.008736836109346391"
"0.027441196334277884","0.01832328871457467","0.006246246284977164","0.009062261056656307","0.024622273298573916","0.042932185567643555","0.010223381649781593","0.0039314435838058714","0.0032450203718855652","0.008660133661916092"
"0.024714391255133195","0.01918132365180769","0.0054462421117242865","0.00887230638975367","0.02946307250615321","0.050686285450619484","0.01121374642406825","0.004642462462166985","0.002591208839970327","0.009938988583792607"
"0.027609189059934702","0.013655816855453695","0.005108809693318284","0.006993950100763646","0.036535722509109525","0.04696663965215864","0.009199013890552776","0.005515416655150096","0.0025059027428437908","0.010953971014400987"
"0.019503941862142993","0.013605241554536407","0.006116064320251358","0.005559897121215074","0.043044001254455067","0.04137959734067753","0.008990332222008512","0.0040406880581908555","0.0022162202912159312","0.008210907852432614"
"0.018901572011056134","0.01970432891081747","0.0048044065462701235","0.0056442868893308296","0.04160808308938235","0.03463147836060643","0.009606674588866826","0.004841015500866908","0.0021213090774803156","0.007689905042675416"
"0.020016131293123518","0.018793743402459928","0.0037522625300806522","0.006183805810222043","0.027112495274619897","0.030636838846568537","0.008596559404398074","0.004707935608040059","0.002282956502784539","0.007932783388352127"
"0.018080176459557507","0.017107999830177745","0.00431913901295633","0.006080892759143142","0.030082393728038892","0.026801699686411107","0.008980224557550764","0.0034468167223562496","0.0021217354926061915","0.006908509849742894"
"0.017573924851490785","0.013717752226750368","0.0021569920180053437","0.0057751394487359775","0.03249072127127861","0.027057521694460296","0.008728374338778822","0.004802429885428949","0.001802703369608416","0.008258619760187935"
"0.021750868158378234","0.01197117307594836","0.002702070404844603","0.006297225658156491","0.02898347515958566","0.02695543386044441","0.009151444024061428","0.004450486050763924","0.002346313443667092","0.007918298008699365"
"0.022525348151134827","0.012512197883035703","0.0030217943945344272","0.006578870732274256","0.029939376404620632","0.03040224423183624","0.008073656578930666","0.004425846100021613","0.0020075414259906887","0.007526651327223077"
"0.019155346747510738","0.013992899800460146","0.0032965715422694775","0.0048488754850626314","0.027316546084072857","0.02531906841080478","0.009392080333181063","0.003813295537315853","0.0019867621021242288","0.007226154295843945"
"0.01883652158525584","0.014404063721003169","0.0037794514322695427","0.0049449288938516744","0.020620278744345133","0.026304761596755877","0.0075214262670975085","0.00407274236143762","0.0022880365598271224","0.007399230698350356"
"0.01799841638135824","0.01200175037863499","0.0034649010514027356","0.004545876178124075","0.02468545235948949","0.03042080637712863","0.007118883869126957","0.003479974989446244","0.0014515100727937602","0.006391521447695614"
"0.01740506443028733","0.010476666091690345","0.004528105775746583","0.004007394774187545","0.02304575203975323","0.034507913937954715","0.0061962690004780385","0.003177261238829887","0.0015990492778050758","0.0071452817272313895"
"0.015269310537955882","0.008101829016777473","0.003851132611513597","0.0047676855327091205","0.01920912250818696","0.03732244350741454","0.0058735629095361674","0.003410156108625051","0.00163259316418074","0.007223553038774644"
"0.018336640418844863","0.008679309844355831","0.003310402780470567","0.0038143283620860613","0.020762929315209955","0.029334479176120865","0.007807730974001059","0.00343553057574264","0.0015502217853547995","0.007116098631979373"
"0.031282548201810756","0.01091427369885467","0.0035029579334349137","0.0037900891788219537","0.023760924358154356","0.03653687341133893","0.007060506119322074","0.0037307143982726054","0.001612268720649901","0.007390532786400894"
"0.02340671715372178","0.01168582727025741","0.0029569420164623494","0.0035919215631349255","0.02348965509778922","0.030441704271925052","0.009958864632740816","0.004600895976302866","0.0014893278059509019","0.006470510029291554"
"0.025767557750281056","0.013561655902386283","0.0032682895421011215","0.004256192511604917","0.029790197331469037","0.03229153475437152","0.009079554661576672","0.003546259267416807","0.001685938385849517","0.005836099056333088"
"0.01973508208145991","0.012268210435740612","0.0026385975763264513","0.0028701375039523747","0.02428950424422105","0.028096037704673393","0.007686129332954983","0.0035858757179455525","0.0013527489475548826","0.005583926401440231"
"0.017992489308353288","0.008272889634981018","0.0030270867241055655","0.0028780573382878316","0.02247052750804235","0.027285124356180912","0.007587706105898984","0.0033202977379280796","0.001563483303402502","0.005582016330865747"
"0.016703220173430622","0.009207639079794994","0.003016396165792523","0.0035050366943700784","0.019764965672345203","0.036290752690869454","0.007041393250200423","0.0030122303708662312","0.001424100718796728","0.0066274415051296165"
"0.01934135892252864","0.00855507857123805","0.003374101214647096","0.0030014779604209396","0.017587783221087117","0.027436860553885056","0.007778826207683609","0.003684752581640083","0.001292757572773584","0.006170616001224705"
"0.01601183200490508","0.009705326637659495","0.0028381296672739253","0.002912344582869375","0.0200590921842152","0.037400592351007234","0.006995453929369011","0.003877275433465943","0.0013001774892118512","0.005816963297458511"
"0.018992240992787623","0.010719104188439965","0.003329208296596997","0.0024110984041834094","0.01248808031890769","0.02565871481006554","0.006286036804306061","0.0030936943757298163","0.0011412333473466152","0.005786300238426523"
"0.013113750417645287","0.009290021758157796","0.0023251142794827873","0.0028296217796432988","0.019446931123338174","0.03328019465773724","0.007738119786866504","0.0029641039409297187","0.001213159250496143","0.0059247163167218675"
"0.013503676444655222","0.008697194324048863","0.0021973799228456325","0.002224011363054168","0.015725277171068752","0.03149423099785409","0.00717071153444887","0.0029757973275370553","9.731189358197501E-4","0.005375076156044156"
"0.01613389284130562","0.010259227251993519","0.0026073933697430274","0.002944174584532999","0.018833513086871534","0.025084882692897215","0.006847612683424875","0.0025394541996574538","0.0012881648180192995","0.006376615272299491"
"0.015317145026464751","0.015031268918815954","0.0022449730084557196","0.0024283826246687124","0.020227275413403856","0.023118990999600797","0.006687139868762071","0.0024464161574296317","0.001179587421584305","0.00595245824488555"
"0.018250331274098586","0.01255199583945471","0.0020943121099323836","0.002341083771697283","0.01580594018924497","0.027569027553054126","0.00667439314052376","0.002281291666750951","0.0011664111600659943","0.005068936129150714"
"0.017673337259042965","0.01639733224810236","0.0022857139183257713","0.00219734562002849","0.01842433050296155","0.02583272601602804","0.006592445943347125","0.0029526868780908044","0.0010358338310759718","0.006606658058437298"
"0.017270928037185773","0.014494796294393042","0.002302866246476465","0.0024582523093548136","0.018611468499901473","0.02757821124311055","0.006678555789273288","0.0025230987120837822","9.647849840616063E-4","0.006328259211176301"
"0.013716082168995558","0.01743870626572891","0.0028014336829493836","0.00252630390585884","0.01873222672893393","0.025309827088007886","0.007556985184734133","0.002837069988356755","9.822620136624716E-4","0.005568083041998628"
"0.016671149939107677","0.01446861433230584","0.0018732183397222046","0.002451446580793215","0.014483596951639588","0.026062666047326877","0.006085309425686691","0.002845923137014761","9.118178077731631E-4","0.005633665387924092"
"0.01619610824795592","0.01260850055493451","0.0024042059819144868","0.0017407108151173967","0.012768068235190388","0.0220973592130439","0.007430888909690514","0.0031488436082469096","0.001080974332010931","0.00566264894464541"
"0.01679157711463075","0.010488180488973875","0.00253120870585799","0.0018558460090652984","0.011061982707114892","0.023435642825952674","0.006216829801096502","0.0025410204830350613","8.107198785588521E-4","0.005480875763117954"
"0.012493695320373033","0.011789949957866752","0.002116411602524737","0.0026658153701558662","0.008258238936567297","0.02674079576090771","0.006374724892303341","0.002888553123446269","7.75083649691144E-4","0.005262857241189578"
"0.01533961602780931","0.0107691364437838","0.0014374865095526657","0.002691602521773029","0.011040705214508173","0.024863333475788285","0.00566566199032148","0.0030279028979824374","7.482797364187777E-4","0.005771234760746369"
"0.012037827380224853","0.01288852709885907","0.0019275559231263228","0.002577264783320876","0.011850665445982123","0.024908949444413242","0.007252127942518449","0.0022575087118684167","7.974524842243591E-4","0.004921237427674585"
"0.016938715368825075","0.011385986690716221","0.00204096905075124","0.002443957679279962","0.00898982913261226","0.026572493144378817","0.006280977454704573","0.0027379120116364786","5.813709197861616E-4","0.00555464408025752"
"0.014225760511227592","0.010724103686322872","0.0022015374365840223","0.002138769162761789","0.015103467629532297","0.023419832406944008","0.006182433772632834","0.0031250337964819908","6.682282297915121E-4","0.004346973522728614"
"0.012079246874498573","0.01726002752049205","0.001725486689594602","0.002561935577774066","0.014395295081078285","0.021033057978372183","0.005833373674309306","0.0026768849629986158","6.089756796133772E-4","0.005136493494857786"
"0.015433793482638958","0.011427937411937705","0.0022470632062203677","0.002016727615792524","0.016138591000892877","0.024024558115516848","0.006041015179339637","0.003262748711236718","5.849855369445267E-4","0.004249379449119739"
"0.013593367131549683","0.010144848891008695","0.0021372455014948555","0.002626327532394779","0.014833980967116744","0.019756714044736556","0.0065965281693455835","0.0022735185979720907","6.021645488301086E-4","0.0044326205252279705"
"0.015277190550212483","0.010091273654872224","0.001888663954200065","0.0020857785146971564","0.014713060932758593","0.016095809712579623","0.0060218419951661994","0.0021274512709892335","5.407340543653882E-4","0.00491988742070959"
"0.014548614208645061","0.008600958294491257","0.0016912096422515566","0.002382834022138236","0.016165355403167325","0.017073709624568556","0.004937916759282457","0.00249317653536385","5.463947493172805E-4","0.005342534567499002"
"0.013071215091930433","0.009015388929601409","0.0014446507138213827","0.001923667385175687","0.01328158159920223","0.013464981161102396","0.004757254570241898","0.0026784319740723594","5.949925510306819E-4","0.0042270696168861255"
"0.015057923965126618","0.0073976079983850695","0.001497213641331152","0.002172046258753335","0.011476294543145693","0.01975359012840927","0.004931193612284279","0.0017414659157815593","6.083326514276788E-4","0.005012009157969732"
"0.01364589557755691","0.005939060711126709","0.00113782913098337","0.0021065456818845085","0.013818371658963713","0.02160757314373385","0.005331035323951072","0.002370737699217862","6.494582136887805E-4","0.004459296744554364"
"0.009082121819652178","0.00677932449009333","0.0019893494020086777","0.0021365995803533933","0.011310082910319985","0.018681451149395678","0.004883517987898323","0.0018752891951954176","8.319815222783689E-4","0.004063800588155586"
"0.012745700860164244","0.008085320006728458","0.0024719947118786445","0.0021700246751985564","0.011460048862147243","0.012777351462476827","0.004246015790711766","0.002145724481019018","7.620949680882116E-4","0.004386970098989917"
"0.012908088732533685","0.00950827190581699","0.0020433895835535454","0.0019251414666836553","0.013087832942299316","0.016932492151085055","0.0038406084761454795","0.0021083939359486936","6.613547264785469E-4","0.004001761487402278"
"0.013800417972088974","0.009413997032708843","0.0017318251595692669","0.002502596841503779","0.014738697310235693","0.016614146415687592","0.003958569897021591","0.0016371585708427339","5.081483732862768E-4","0.003911001304748418"
"0.012705296291819157","0.008220098418232902","0.0024599035712191686","0.0019501877908272292","0.012566076379194047","0.01670112361492404","0.004447921594996906","0.0020611065296624598","4.891478579412967E-4","0.0028062924663181388"
"0.010589746516593723","0.005778153187213864","0.002730446281876242","0.001828309858304289","0.014625126486426998","0.013714767407013384","0.004206351309834322","0.0017172730880687381","6.341067182464855E-4","0.0031278642580635507"
"0.01196030502225287","0.005821320841162936","0.00237860728286976","0.0017947308474091095","0.012011230384345484","0.015067574194382982","0.0038587435862649233","0.0018405794257807528","6.460408910100579E-4","0.0028760597849409875"
"0.01163447400099249","0.005255517968104528","0.002295013374431387","0.0015512431534409066","0.015942152723941505","0.017394364569522702","0.003789533025489733","0.0021742414736414806","6.178946481568692E-4","0.0023595574438020073"
"0.01217920674070061","0.006230221298432814","0.002441821345660178","0.0013483968893210907","0.013072211869662231","0.018432997175050536","0.003351598197477379","0.0019915658259089253","7.181641546354367E-4","0.002385596752470298"
"0.01203964386250056","0.006786372720373246","0.0023371499174469346","0.0015272642354835497","0.010698444662660345","0.01488271702541033","0.005352656494016006","0.0016803572601925554","7.527027716177637E-4","0.0024491772398169687"
"0.008579138030833433","0.006875436366067189","0.0019357923220206796","0.001653513124575956","0.014337490730814029","0.016274351037725343","0.0045404512005875475","0.0018145203833749846","5.827217037435162E-4","0.003406501775627624"
"0.011149734369074404","0.005233733995040235","0.0023667384082848297","0.0014485414697855692","0.013336028666808497","0.018398431720540565","0.0035717485677290717","0.0019071655675063637","5.521498686416049E-4","0.0032595673395232616"
"0.010912602480038003","0.004751448653356027","0.0024337164224146335","0.0014247898103160184","0.008565800119008538","0.015316638039164387","0.003992877101305747","0.0015933646838606208","4.2985931656447374E-4","0.0024446892816177845"
"0.00966352539580806","0.005992322979967435","0.0027144819921881558","0.001561210070675556","0.01211208536407149","0.016621884573177592","0.0041434808299407044","0.001514506310840047","4.599960138464976E-4","0.00206519694697771"
"0.012125479550042506","0.005489571753458267","0.0025566044394629284","0.00129579189168183","0.011551044106761665","0.015321294368560223","0.0028711276278944875","0.001589614578334897","4.856806854623974E-4","0.0021807208657462773"
"0.011027019476170685","0.006657057603292216","0.002275682574933824","0.0012973796631360335","0.009564880618218585","0.014463585453056926","0.002631566605596325","0.0019042017995806182","5.041862926528085E-4","0.0022863617220222343"
"0.007835213097772353","0.007425998727108363","0.0018724329465410472","0.0014389157408233322","0.008315704636989829","0.016212034461387637","0.002863712360437254","0.0018766002040958019","5.151446161744122E-4","0.002733513367226381"
"0.010130840621827453","0.006981646085802318","0.002108761629517786","0.0013928392131901113","0.006336086689774367","0.013859240063131772","0.00312825792835969","0.002095420163545192","4.5191046496106946E-4","0.00268721148084039"
"0.008251599930770848","0.004260044144116071","0.0015542300155118038","0.0011752811244896133","0.008714035228290284","0.010463826104366025","0.00237194607023411","0.0017676684841222423","5.042311736067617E-4","0.003484903429434083"
"0.009079164564376518","0.00532773445188417","0.001535709714465705","0.0012671864215862971","0.008983516865228358","0.013792084496362711","0.003282480871815263","0.0012878933999060926","5.624074392805989E-4","0.0026921985519118286"
"0.00921503062772655","0.004865370998739571","0.001416439856939622","0.0012369073574478584","0.00916713655693635","0.014027159260249222","0.002775757714960303","0.001114394422791265","4.938813131127873E-4","0.00229563039209002"
"0.008966383817970769","0.0056540271481290705","0.0011134684342488654","0.0012422277994591502","0.00769398938328969","0.014641344778510756","0.002784954712160337","0.0012699524114444527","4.428515607864947E-4","0.0026756284414526377"
"0.0075411257799584686","0.004810314878983646","0.0013716571276028988","0.0014875938331058158","0.00997935652356019","0.01303702971534848","0.0019930384070630525","0.0017890832136805424","4.923349972987268E-4","0.00241168036597883"
"0.00999709982462782","0.003924524710585964","0.0018202255795477518","0.001318164742835859","0.008764521790523672","0.016669489638618473","0.001972518696648551","0.0013482070597540807","4.6776266127668276E-4","0.0022476367733434977"
"0.011885811782456623","0.0034402014964823313","0.0018225882145315175","0.0014193348022660812","0.00820733387425343","0.014994068402211513","0.0025497085810217146","9.91005874065476E-4","4.6136976739752367E-4","0.0022787187708267487"
"0.010379559919207804","0.003932444101196475","0.0016163215427399402","0.001047444794142205","0.005465141815416574","0.013515478355784483","0.0027665713323701824","0.0012957175879531047","4.3204348566427964E-4","0.0020612996099307335"
"0.011060698723107332","0.004264128566673964","0.0012878061677747965","0.001022354888171706","0.005295260325210882","0.011691950908044646","0.002194765420564182","8.413787876708767E-4","3.507773414279658E-4","0.0021625690373630047"
"0.008751965162318909","0.004732976922926069","0.0015099735570383022","0.0012009837701320025","0.005457620593198542","0.014115911455736763","0.0028871492635678675","0.0013999192810821293","3.3174526872015164E-4","0.0024868986595449893"
"0.007255778312096894","0.005237428173466008","0.0010234810531996041","9.035931343688297E-4","0.006391695282600529","0.012156017546830489","0.0027465587290472215","0.002019029726744892","2.787945790351243E-4","0.0026288465235009273"
"0.005938471285806157","0.004746973920180642","0.0014700412014652109","0.0010065554746855332","0.006880740515337602","0.011307025757214872","0.003046074133953247","0.0012744519402152488","2.443987798145253E-4","0.002755938708215555"
"0.007268501989681542","0.004200292652887128","0.0015432135257344992","9.077664001614361E-4","0.007824956570702257","0.011964528044123401","0.002362028867389232","0.0012721496431191137","2.2797519054540416E-4","0.0023917095065111305"
"0.011106780028297347","0.0037266486369495477","0.0011761237837155658","8.167380917729616E-4","0.009090041526323867","0.011428032645385278","0.0023348097387901334","0.0015515482844898898","1.8077226348534037E-4","0.002105594182213455"
"0.011634845723002996","0.005182878974651028","0.0012953223623635157","8.041956015238938E-4","0.00859737931691984","0.012677876132317523","0.0022558843901062664","0.0015924773443647955","2.582021113306521E-4","0.0021009779715396304"
"0.008374320509321187","0.004864186798962944","0.0012454217246344879","9.089769157115679E-4","0.008452146720287157","0.011769978019397498","0.002043744900108002","0.0011653060100069168","2.704488071025857E-4","0.0018144991351006778"
"0.007093222142794953","0.00498001146346333","8.362896898489458E-4","7.69979945426158E-4","0.007265009435123759","0.012573868936034849","0.0017313422709878123","0.0017312732878701498","2.506679458449401E-4","0.001932631842882948"
"0.008635840625519253","0.0048755185921533495","0.0010614444522017985","7.098060381586224E-4","0.006176908297548467","0.008985850517062577","0.0013108719248354772","0.0017146601340344292","2.2521491720117748E-4","0.002248146126788142"
"0.009770388218759862","0.004118720741946524","9.411796937441874E-4","6.7008344883146E-4","0.0051137063774904234","0.008710651277244907","0.0018725220612057503","0.0015041997184062073","2.1975762831272228E-4","0.0020736482650195454"
"0.007381153880869462","0.004408797674058107","0.0011155885411259225","7.958571029970107E-4","0.006070759925291602","0.01335657049318395","0.0022280607956864373","0.0013854522335566277","2.1037149854485904E-4","0.002029731431223758"
"0.007941222665501235","0.003992999996489277","9.843927222699111E-4","7.295023771809461E-4","0.005628693388844974","0.010657695303222248","0.0019272148430304892","0.0013812636365170272","2.4131130236404452E-4","0.002179006925542737"
"0.00540681786515651","0.003606513875935524","0.0010571437284875307","7.569224866407209E-4","0.004873741547927413","0.01049923559988708","0.002189500572404135","0.0015130511846146444","2.7718538590049135E-4","0.0021620225628761203"
"0.007416999144994829","0.004576484787836843","0.0010298971296920367","7.393294005921813E-4","0.004404639535082744","0.012737490869295098","0.002009195200751157","0.001979650738714811","3.0990702409572357E-4","0.0021889887208459413"
"0.008009749092474872","0.0036214184186674214","6.925997395714756E-4","7.149468560052608E-4","0.00559787060507666","0.00964508855284818","0.002135830790973514","0.0017193391658574808","2.3916235036813838E-4","0.0019806927624138604"
"0.007727500103422935","0.0034103945927989043","4.716977030647662E-4","6.028296535636191E-4","0.005640553320828023","0.010626010206901904","0.00144079724463958","0.0013848515088757951","2.1649845149851465E-4","0.0016584618048716138"